Produit,Prix
Oreo Biscuits Mini Chocolat,85 FCFA
Mis Huile Tournesol Mis 5 litres,8 750 FCFA
Indomie Nouilles Instantanées Saveur Poulet,250 FCFA
Oreo Biscuits Mini Fraise,90 FCFA
Css Sucre en Morceaux - 1KG,750 FCFA
Pates alimentaires Spaghetti 500g N1,475 FCFA
Anita Coriandre 50g - Anita,550 FCFA
Anita Ail 50g - Anita,550 FCFA
J'Adore Huile de Tournesol - 1L,1 750 FCFA
Mis Vinaigre Mis 1L,350 FCFA
Anita Cumin 50g - Anita,550 FCFA
Anita Curry 50g - Anita,490 FCFA
Anita Paprika 50g - Anita,550 FCFA
Anita Thym 30g - Anita,490 FCFA
Anita Muscade Moulu 40g - Anita,550 FCFA
Everyday Eponge A Recuré 10 Pieces,550 FCFA
ALINE Sel Fin Iode - 500g - Aline,150 FCFA
ALINE Sel Gros Iode - 500g - Aline,150 FCFA
Sofia Seau de Margarine - 500G,1 200 FCFA
Renova Papier Toilette - 4 Rouleaux Super,850 FCFA
Anita 7epices 50g - Anita,600 FCFA
Gloria Lait en Poudre Entier 400g,1 775 FCFA
Souki Sucre en Poudre - 1KG,850 FCFA
Oreo Biscuits Original,360 FCFA
Anita Curcuma 50g - Anita,550 FCFA
Halib Lait en Poudre - 10 x 20G,1 000 FCFA
Generic Balai Brosse Lave Pont Jaune + Manche,1 500 FCFA
Anita Cannelle 45g - Anita,525 FCFA
Zena Miel 30g,370 FCFA
Candia Lait Entier GrandLait - 50CL,Boutique Officielle
Zena Sirop Ditakh 75cl,1 950 FCFA
Anita Herbe De Provence 30g - Anita,525 FCFA
Anita Epice Viande 50g - Anita,525 FCFA
La Vache Qui Rit Fromage 24 Portions,2 425 FCFA
Ferrero Pot Nutella - 350G,2 875 FCFA
Mentos Jb Berry Lime 35pcs - Mentos,1 975 FCFA
Concentré De Tomates - 800G,1 500 FCFA
Mentos Pf Freshmint 18pcs - Mentos,990 FCFA
Bisko Gaufrette Fourrée Fraise 8.5g,25 FCFA
Café Royal 1 Paquet de 10 Capsules Agent's Choice compatible avec Nespresso- Arôme fruité,Boutique Officielle
Café Royal 16 Capsules - Caramel - Compatible Avec Dolce Gusto,3 000 FCFA
Café Royal 1 Paquet De 16 Capsules Decaffeinato compatible avec Dolce Gusto,Boutique Officielle
"Nutraline OTIVA Nutrition Healthy, bleu, vert, boîte 350G",2 200 FCFA
"Nutraline OTISPORT Nutrition Sportive, bleu, jaune, boîte 350G",2 200 FCFA
WHITE LION POWER Power Boisson Energisante 250ml,5 400 FCFA
Generic Charbon de bois ecologique - 4 kg,1 200 FCFA
"Nutraline QUICKER OATS - Flocons d'avoine, sachet 600G, beige, marron clair",1 250 FCFA
"Lay'S Chips Poulet Roti 27,5g",425 FCFA
Avril Petits Pois Très Fins - 400G,750 FCFA
Mina Ananas Tranchés Brisées - 565ML,800 FCFA
Concentré De Tomates - 400G,875 FCFA
Nesquick Chocolat En Poudre - 250g,1 800 FCFA
Ducros Vinaigre 25cl Cidre,1 150 FCFA
Cheveux D'Ange - 500G,500 FCFA
Anita Gingembre 50g - Anita,490 FCFA
Anita Poivre Noir 50g - Anita,590 FCFA
Delia Pâte à Tartiner - 500G,1 050 FCFA
Armonia Nettoyant Bois  - 750ML,600 FCFA
Al Jazira Dattes Branchés 1KG,3 425 FCFA
Chio Chips Red Paprika - 75G,825 FCFA
Novelas Désodorisant Brise marine  - 400ML,700 FCFA
Skittles Sachet Fruits 45g - Skittles,425 FCFA
Anita Poivre Blanc 50g - Anita,690 FCFA
Everyday Mouchoir 1 pack,75 FCFA
Chio Chips Red Paprika 30g - Chio,310 FCFA
"Generic Rouleau De Papier Aluminium - 8m X 0,30m",1 250 FCFA
Twining Thé Citron Vert Gingembre - 20 Sticks,3 350 FCFA
Blédina Céréales Lacté Fruits 200g,990 FCFA
Anita Piment Moulu 50G - Anita,550 FCFA
"Lay'S Chips Barbecue 27,5g",450 FCFA
Sucre Morceaux Bs,1 075 FCFA
Panzani Semoule Fine 500g,825 FCFA
Novelas Désodorisant Fresh  - 400ML,700 FCFA
Anita Tandori 50G - Anita,525 FCFA
Lay'S Chips Sel 25g,425 FCFA
Seven Up Bouteille - 33 CL,Boutique Officielle
Anita Epices Grillades 50G - Anita,525 FCFA
Zena Confiture Goyave 450g,1 400 FCFA
Everyday Petit Pois 400G,700 FCFA
Zena Confiture Papaye 430g,1 250 FCFA
Nescafe Sachet 100g,1 425 FCFA
Anita Epice Poulet 50g - Anita,525 FCFA
Bisko Max Gaufrette Fourrée Vanille 43g,85 FCFA
Avril Macédoine De Légumes - 400G,775 FCFA
Bisko Gaufrette Fourrée Vanille 8.5g,25 FCFA
Yotox Spirale Suractivé Boite de 10,625 FCFA
Everyday Vinaigre Naturel 7% 1.5L,825 FCFA
Café Royal 1 Paquet De Café Royal Caramel - Arôme Caramel - 10 Capsules,Boutique Officielle
Café Royal 1 Paquet de 10 Capsules Agent's Choice compatible avec Nespresso- Arôme fruité,Boutique Officielle
Café Royal 1 Paquet De 16 Capsules Brasil comptablible avec Dolce Gusto- Arôme Noix & Chocolat,Boutique Officielle
"Nutraline QUICKER OATS - Flocons d'avoine, sachet 600G, beige, marron clair",1 250 FCFA
"Nutraline OTISPORT Nutrition Sportive, bleu, jaune, boîte 350G",2 200 FCFA
Generic Charbon de bois ecologique - 4 kg,1 200 FCFA
WHITE LION POWER Power Boisson Energisante 250ml,5 400 FCFA
"Nutraline OTIVA Nutrition Healthy, bleu, vert, boîte 350G",2 200 FCFA
Fanico Savon - 250G,420 FCFA
Liza Haricots Blancs À La Sauce Tomate 425G 1/2,725 FCFA
Zena Confiture Mangue 430g,1 250 FCFA
Nesquick Céréale - 330G,2 300 FCFA
Choc Poudre À Récurer Javellisant - 500G,990 FCFA
Generic Colorant Bleu Pour Ménage 8g,15 FCFA
SAF INSTANT Levure Boulangere 3 X 11g,210 FCFA
Madar Désodorisant Tropical - 300ML,625 FCFA
Zena Miel Brut 500g,2 525 FCFA
Avril Lentilles - 400G,790 FCFA
La Vache Qui Rit Fromage 8 Portions 120g,875 FCFA
Lotus 100 Mouchoirs Blancs - Lotus,775 FCFA
Fruitales Purée De Piment Au Gingembre 100g,825 FCFA
Ducros Vinaigrette Moutarde 500ml,1 400 FCFA
Liza Boulettes À La Sauce Tomate 425G,925 FCFA
Avril Mais Doux 300g,725 FCFA
Madar Désodorisant Fruits Rouges - 300ML,625 FCFA
Maman Purée de Pomme de Terre Chapelet  - 10X30G,950 FCFA
Zena Miel 270g,1 575 FCFA
Mentos Pf Wintergreen 18 Pcs - Mentos,950 FCFA
Ducros Vinaigre 1l Blanc,790 FCFA
Bonduelle Bonduelle 1/2 Lentilles,1 050 FCFA
Mayonnaise - 500ML,1 300 FCFA
Welsea Thon Miettes à L'huile de Tournesol 160g,Boutique Officielle
Armonia Lave vitre - 750ML,575 FCFA
Energizer Pile AA R6 x 4,1 200 FCFA
Don Simon Jus De Merianda 1L,1 125 FCFA
Présséa Fresh Canette Tropical - 25 CL,Boutique Officielle
Fruitales Purée De Piment Jaune Extra Forte 200g,1 700 FCFA
Foster Clark'S Fleur De Mais,800 FCFA
Zena Sirop Bouye 75cl,1 750 FCFA
Oreo Biscuits Pocket Familial 440g,3 525 FCFA
Flecha Thé 4011 25Gx10,1 100 FCFA
Vahine Arôme Vanille Artificiel 200ML,3 050 FCFA
La Baleine Sel Fin Bec Verseur Bv - 600 G,890 FCFA
Madar Eau de Javel – 250ML,175 FCFA
Zena Confiture Bissap 430 G,1 250 FCFA
Mentos Ice Gum Sf Peppermint - Mentos,325 FCFA
La Perruche Sucre Roux Morceaux 1Kg,2 300 FCFA
Zena Sirop Bissap 75cl,1 750 FCFA
Café Royal 1 Paquet De 16 capsules Caffe Grande -Compatibles avec Dolce Gusto,Boutique Officielle
"Nutraline QUICKER OATS - Flocons d'avoine, sachet 600G, beige, marron clair",1 250 FCFA
Café Royal 1 Boîte De Bûchettes De Sucre Café Royal  - 1000 Pièces - 4G,Boutique Officielle
Café Royal 1 Boîte De Café Royal Coffee Aggloméré - Arôme Corsé - 200G,Boutique Officielle
WHITE LION POWER Power Boisson Energisante 250ml,5 400 FCFA
Generic Charbon de bois ecologique - 4 kg,1 200 FCFA
Café Royal 1 Paquet De 16 Capsules Decaffeinato compatible avec Dolce Gusto,Boutique Officielle
"Nutraline OTISPORT Nutrition Sportive, bleu, jaune, boîte 350G",2 200 FCFA
Zena Confiture Fraise 430g,1 400 FCFA
Decapfour Express 500ml - Decapfour,2 575 FCFA
Generic Sardine à L Huile Végétale - 125G,350 FCFA
Zena Tahini 400G,2 250 FCFA
Belle France Céréales Boules Miel 375g,1 500 FCFA
Hojiblanca Olives Vertes Denoyautees Bocal 350g,990 FCFA
Barilla Pâtes Fusilli – 500G,1 125 FCFA
Flecha Boite De Thé Vert - 250g,925 FCFA
Zena Sucre Glace 500g,700 FCFA
Zena Sirop Tamarin75cl,1 750 FCFA
Generic Riz Entier Parfumé Kitchen King 5Kg,4 400 FCFA
Maman Purée de Pomme de Terre  - 440G,1 450 FCFA
Mentos Pf Freshmint 35pcs - Mentos,1 975 FCFA
Armonia Eau de Javel - 1 Litre,450 FCFA
Omo Savon En Poudre - 500G,1 050 FCFA
Foster Clark'S Essences Culinaires Menthe 28ml,260 FCFA
Maman Céréales Choco Flakes  - 375G,1 250 FCFA
Fruitales Sirop De Citron Vert 750ml,1 975 FCFA
JYRELA Poire Au Sirop 4/4,2 025 FCFA
Panzani Macaroni - 500G,990 FCFA
Renova Essuie-Tout Design - 3 Rouleaux XXL,1 875 FCFA
La Tisaniere Nuit Calme,2 575 FCFA
Febreze Désodorisant Voiture Fleur Naissante – 2ML,Boutique Officielle
Welsea Thon à L'huile De Tournesol Poche 74g,Boutique Officielle
Foster Clark'S Essences Culinaires Fraise 28ml,260 FCFA
Vahine Gelatine Feuille 9 C,1 250 FCFA
Zena Poudre De Bouye 200g,1 400 FCFA
Fruitales Purée De Piment Forte 200g,1 375 FCFA
Pâtes Alimentaires - Coquillettes - 500G,500 FCFA
Avril Pois Chiches Naturels - 400G,750 FCFA
JYRELA Poivron Tricolore Lanières,7 300 FCFA
Vahine Arôme Vanille Artif. 50ml,1 250 FCFA
Armonia Nettoyant Multi Usage Citron - 1 Litre,850 FCFA
JYRELA Tomates Entières Pelées  3/1,3 700 FCFA
Avril Champignons de Paris Pied & Morceaux - 390G,1 250 FCFA
Racines Thé Infusion D'Afrique  Kinkeliba - 25 Sachets – 40G,2 600 FCFA
Zena Sirop Exotique 75cl,1 600 FCFA
Ivorio Jus D'ananas - 33CL,690 FCFA
Generic Sacs Poubelle - 50 Litres X 15,1 200 FCFA
La Baleine Bicarbonate - 250 G,2 175 FCFA
Café Royal 1 Paquet De 16 Capsules Decaffeinato compatible avec Dolce Gusto,Boutique Officielle
Café Royal 16 Capsules - Caramel - Compatible Avec Dolce Gusto,3 000 FCFA
"Nutraline OTIVA Nutrition Healthy, bleu, vert, boîte 350G",2 200 FCFA
Café Royal 1 Paquet de 10 capsules Espresso Forte compatibles avec Nespresso - Arôme fruité,Boutique Officielle
"Nutraline OTISPORT Nutrition Sportive, bleu, jaune, boîte 350G",2 200 FCFA
Generic Charbon de bois ecologique - 4 kg,1 200 FCFA
Café Royal 1 Paquet De Café Royal Caramel - Arôme Caramel - 10 Capsules,Boutique Officielle
"Nutraline QUICKER OATS - Flocons d'avoine, sachet 600G, beige, marron clair",1 250 FCFA
Generic Balai Raclette Vitre + Manche Telescopique,1 575 FCFA
Mentos Fruit Roll 14pcs  - Mentos,335 FCFA
Sofia Lait De Coco 400 Ml,1 500 FCFA
Mentos Ice Gum Sf Artic Mint - Mentos,325 FCFA
Lorenz Chips Monster Munch - Goût Fromage - 75G,1 190 FCFA
7 Up Bouteille de1.25 Litres - Seven Up,Boutique Officielle
Renova Papier Toilette - 12 Rouleaux Super,2 675 FCFA
Barilla Lasagne 500g - Barilla,1 800 FCFA
Hojiblanca Olives Vertes Entieres Bocal 350g,950 FCFA
Lotus 200 Mouchoirs Blancs - Lotus,1 175 FCFA
Choc Poudre À Récurer Citron - 500G,900 FCFA
Bec Balai Tête De Loup Ovale + Manche Telescopique,1 850 FCFA
Sanytol Purificateur D'air Désinfectant Surfaces & Textiles Fleurs Blanches - 300ML,2 600 FCFA
"Seo Bouteille d'Eau Minérale - 1,5 Litres",275 FCFA
Sanytol Désinfectant Chaussures Fraicheur - 150ML,2 300 FCFA
Avril Haricots Blancs - 400G,790 FCFA
Lotus Mouchoirs De Poche x 6 Compact 4 Plis- Lotus,1 025 FCFA
Sofia Paquet De Coco Râpé - 250G,875 FCFA
Febreze Désodorisant Textile Classique – 500ML,Boutique Officielle
Welsea Thon Naturel Poche 74g,Boutique Officielle
Easy Lave Vitre Pistolet - 825ML,825 FCFA
Kikkoman Sauce De Soja Allégée en Sel 150ml - Kikkoman,3 000 FCFA
Renova Papier Toilette - 9 Rouleaux Easy,1 225 FCFA
Vahine Gélatine Alimentaire en Feuillesx9 - 17g,1 650 FCFA
Pony Cocktail Au Sirop 420g,1 350 FCFA
Le Soleil 4/4 Haricots Blanc,1 700 FCFA
Febreze Désodorisant Air Rose Du Matin 300ml – 300ML,Boutique Officielle
Ducros Oignons 37cl,1 525 FCFA
Zena Confiture Bissap 30g,250 FCFA
Febreze Désodorisant Voiture Rosee Du Matin – 2ML,Boutique Officielle
Ducros Huile D'olives 500 Ml,5 800 FCFA
SAAFIA Fonio Précuit 500g,1 050 FCFA
Zena Confiture Mangue 30g,250 FCFA
Ferba Champignons Eminces 1/2,1 150 FCFA
Avril Petits Pois Très Fins - 4/4,1 250 FCFA
Sanytol Nettoyant Désinfectant Sols & Surfaces  Eucalyptus - 1 Litre,2 050 FCFA
Zena Confiture Papaye 30g,250 FCFA
Lotus Papier Toilette Confort 4 Rouleaux - Lotus,1 700 FCFA
"Lay'S Chips Bolognaise 27,5g",401 FCFA
Fruitales Purée De Piment Forte 100g,800 FCFA
Café Royal 1 Paquet De 16 capsules Caffe Grande -Compatibles avec Dolce Gusto,Boutique Officielle
WHITE LION POWER Power Boisson Energisante 250ml,5 400 FCFA
"Nutraline OTISPORT Nutrition Sportive, bleu, jaune, boîte 350G",2 200 FCFA
"Nutraline QUICKER OATS - Flocons d'avoine, sachet 600G, beige, marron clair",1 250 FCFA
Café Royal 16 Capsules - Caramel - Compatible Avec Dolce Gusto,3 000 FCFA
"Nutraline OTIVA Nutrition Healthy, bleu, vert, boîte 350G",2 200 FCFA
Generic Charbon de bois ecologique - 4 kg,1 200 FCFA
Café Royal 1 Paquet De 16 Capsules Decaffeinato compatible avec Dolce Gusto,Boutique Officielle
Joker Jokoline Orange Sans Pulpe Abc 1l,1 950 FCFA
Barilla Spaghetti Integrale 500g - Barilla,1 325 FCFA
Canard Wc Gel  Detartrant - 750 Ml,1 800 FCFA
Lorenz Crunchips Salés – 100G,1 225 FCFA
Twining Thé Vert Menthe Citron - 20 sachets 30G,3 400 FCFA
Zafi Purée De Piment Frais - 1L,1 450 FCFA
Le Soleil 4/4 Haricots Verts Fin,1 400 FCFA
Fruitales Purée De Piment Jaune Extra Forte 100g,1 000 FCFA
Panzani Purée Tomates Fraiches Brik 500g,1 625 FCFA
Nescafe Boite 100g,1 925 FCFA
Perrier Bouteille D'eau Pétillante - 75CL,1 450 FCFA
Zena Confiture Exotic 450g,1 250 FCFA
Febreze Désodorisant Voiture Envolée Marine – 2ML,Boutique Officielle
Avril Petits Pois Très Fins Carottes - 400G,750 FCFA
Blédina Céréales Lacté Miel 200g,975 FCFA
Sofia Ananas Tranches Entieres - 565G,1 200 FCFA
La Baleine Sel Gros Bec Verseur Bv - 600 G,900 FCFA
Liza Liza Thon Entier à Huile 4oo G,2 150 FCFA
Bonne Maman Confiture 4 Fruits Rouges - 370G,2 100 FCFA
MOURAFA Bouye En Poudre – 400G,2 350 FCFA
Generic Huile Olive Extra Vierge Hojiblanca - 1 Litre,7 600 FCFA
Armonia Nettoyant Multi usage citron - 450ML,500 FCFA
Mentos Mint Roll 14pcs  - Mentos,335 FCFA
York Eponge Maille d'acier 3Pcs,390 FCFA
Zafi Purée De Piment Extra Fort Avec Morceaux- 195ml,1 275 FCFA
3 HORSES Canette Malt Sans Alcool - 33CL,490 FCFA
Renova Serviette De Table Blanc x 70,675 FCFA
DELICES DU JARDIN Haricots Blancs 4/4,1 150 FCFA
Foster Clark'S Essences Culinaires Ananas 28ml,260 FCFA
WC Net Lot De 3 Blocs Cuvette Solide  - Ocean,2 300 FCFA
Oreo Biscuits X 2 22g,275 FCFA
Barilla Linguine 500g - Barilla,1 000 FCFA
Fruitales Sirop De Bissap 750ml,1 975 FCFA
York Balai En Bois 40 Cm + Poignee Renforcee,3 350 FCFA
La Baleine Sel Gros Salière - 250 G,800 FCFA
Laclait Sachet De Lait En Poudre Laclait - 500G,1 900 FCFA
Baygon Insecticide Bombe Tous Insectes - 300 Ml,1 750 FCFA
Generic G50 Degraissant & Decapant Four x 650 Ml,2 250 FCFA
Mentos Jb Gum Berry Lime 18pcs - Mentos,1 000 FCFA
Alba Eponge Végétale MM x 2,900 FCFA
Café Royal 1 Paquet de 10 Capsules Agent's Choice compatible avec Nespresso- Arôme fruité,Boutique Officielle
"Nutraline OTIVA Nutrition Healthy, bleu, vert, boîte 350G",2 200 FCFA
WHITE LION POWER Power Boisson Energisante 250ml,5 400 FCFA
"Nutraline OTISPORT Nutrition Sportive, bleu, jaune, boîte 350G",2 200 FCFA
Café Royal 1 Paquet De Café Royal Caramel - Arôme Caramel - 10 Capsules,Boutique Officielle
Generic Charbon de bois ecologique - 4 kg,1 200 FCFA
Café Royal 1 Paquet De 16 capsules Caffe Grande -Compatibles avec Dolce Gusto,Boutique Officielle
"Nutraline QUICKER OATS - Flocons d'avoine, sachet 600G, beige, marron clair",1 250 FCFA
La Tisaniere La Tisaniere Thé Après Repas,2 575 FCFA
Columbia Balai + Manche,1 175 FCFA
MOURAFA Sel Iode Fin – 500G,180 FCFA
Sanytol Lessive Désinfectant Du Linge - 500ML,3 075 FCFA
Kikkoman Sauce Soja 150 Ml - Kikkoman,2 590 FCFA
Vahine Pépites Choco Noir 200G,3 300 FCFA
Indomie Nouilles Instantanées Saveur Crevettes,280 FCFA
Renova Papier Toilette - 9 Rouleaux Royal,2 650 FCFA
"CANADA GRANDEA Sirop D'érable 250ml ""Maple Joe""",4 650 FCFA
Poker Cocoa Cream 45g - Poker,300 FCFA
Zafi Purée De Piment Fort Avec Morceaux - 370ml,1 475 FCFA
Avril Betteraves - 400G,790 FCFA
Panzani Tagliatelle 500 G,2 500 FCFA
Rose Lait Entier  - 50 CL,Boutique Officielle
Boite De Macédoine 5 Légumes - 400G,650 FCFA
Avril Petits Pois Extra Fins - 400G,850 FCFA
Oreo Biscuits Double Stuff Rouleau 157g,1 875 FCFA
Avril Haricots Vert Extra Fins - 400G,890 FCFA
Sanytol Pistolet Désinfectant Multi-usages Eucalyptus - 500ML,2 350 FCFA
SAAFIA Brisure De Mais 500g,650 FCFA
Soft Flower Serviette 2V 38X38 40Pcs  Blanc,975 FCFA
Le Soleil 4/4 Petits Pois Fins,1 875 FCFA
Zena Confiture Abricot 450g,1 250 FCFA
Flecha Thé 41022 25G x 10,1 300 FCFA
York Balai+Manche En Bois Laura,2 550 FCFA
Divella Vinaigre Balsamique 500ML,1 800 FCFA
Zena Pack Pot Confiture 8 x 30G,4 000 FCFA
Zena Fleurs De Bissap Blanc 125g,600 FCFA
Generic Bec à Gaz,3 600 FCFA
Foster Clark'S Essences Culinaires Banane 28ml,260 FCFA
"Belle France Haricots Rouges 4/4 ""Bf""",1 400 FCFA
La Tisaniere Drainage Elimination Pamplemousse,2 775 FCFA
Panzani Pâtes Nouilles Fines - 500G,1 700 FCFA
MELOLAC Céréales Chapelet  - 50gx10,2 425 FCFA
Energizer Pile Rechargeable R3 x 2,2 800 FCFA
Dari Cheveux D'ange - 500G,1 090 FCFA
Lotus Mouchoirs De Poche x 15 Mentholes Eucalyptus 4 Plis - Lotus,2 725 FCFA
Soft Flower Papier Hygiénique Jumbo 120M 2PL,1 575 FCFA
Ducros Olivess Noires Sachets 125g,1 000 FCFA
Ducros Huile D'olives 750 Ml,8 050 FCFA
Café Royal 1 Paquet De Café Royal Caramel - Arôme Caramel - 10 Capsules,Boutique Officielle
Café Royal 1 Boîte De Café Royal Coffee Mild/Doux - Arôme Double Lungo - 100G,Boutique Officielle
"Nutraline OTIVA Nutrition Healthy, bleu, vert, boîte 350G",2 200 FCFA
Café Royal 1 Paquet De 16 capsules Caffe Grande -Compatibles avec Dolce Gusto,Boutique Officielle
"Nutraline QUICKER OATS - Flocons d'avoine, sachet 600G, beige, marron clair",1 250 FCFA
Generic Charbon de bois ecologique - 4 kg,1 200 FCFA
WHITE LION POWER Power Boisson Energisante 250ml,5 400 FCFA
"Nutraline OTISPORT Nutrition Sportive, bleu, jaune, boîte 350G",2 200 FCFA
Bonduelle Bonduelle 1/2 Macedoine Leg.,1 025 FCFA
Elle & Vire Dessert Lacté Fraise - 125G,500 FCFA
Cif Crème Citron - 500ML,1 400 FCFA
Lu Biscotte Normale 300g,2 500 FCFA
Racines Thé Infusin D'Afrique  Baobab - 25 Sachets -  40G,2 600 FCFA
Febreze Désodorisant Textile Réducteur d'Allergènes – 500ML,Boutique Officielle
Tampico Doypack Mangue  - 175ML,100 FCFA
Sofia Barquette De Margarine - 1 KG,2 400 FCFA
Renova Essuie-Tout Maxi Absorption - 4 Rouleaux,1 775 FCFA
Lu Edition Speciale 150g,1 150 FCFA
Belle France Céréales Pétales De Mais Sucre Glace 375g,1 750 FCFA
Elle & Vire Crème Dessert Caramel - 125G,450 FCFA
Mr Propre Nettoyant Ménager Multi usage Citron – 750ML,Boutique Officielle
Rose Lait Entier Mini- 20 CL,Boutique Officielle
Energizer Pile 9V,1 325 FCFA
Arix Eponge Mousse Color Double Face x 3,550 FCFA
Celliflore Thé Transit - 20 Sachets - Celliflore,2 400 FCFA
JYRELA Abricots Au Sirop 4/4,2 100 FCFA
Arix Eponge Végétale Double Face x 3,1 075 FCFA
President Lait Bouteille Entier Sterilise 1l,1 800 FCFA
Zena Boisson Gingembre 20cl,525 FCFA
Twining Vert Menthe,3 300 FCFA
Fruitales Purée De Piment Au Gingembre 200g,1 450 FCFA
Poker Hazelnut Cream 45g - Poker,300 FCFA
Panzani Pâtes Cheveux D'anges - 500G,1 700 FCFA
Soft Flower Papier Absorbant 300Feuilles 2V XXL  Uni,2 450 FCFA
Pulmoll Classic 75G - Pulmoll,1 325 FCFA
"JEAN NICOLAS Haricots Blancs 1/2 ""Bf""",825 FCFA
Energizer Pile R20 x 2,2 350 FCFA
Lune De Miel Pot Miel De Fleurs - 375G,3 600 FCFA
JYRELA Pèches Demi Au Sirop 4/4,1 575 FCFA
Arix Eponge Végétale Double Face x 2,790 FCFA
Generic Champignons Emincés Royal Arm 3/1,5 800 FCFA
Lotus Mouchoirs De Poche Classic 4 Plis Style - Lotus,2 725 FCFA
Panzani Capellini N°1 500g,1 700 FCFA
Panzani Pâtes Coquillettes - 500G,1 700 FCFA
Poker Vanilla Cream 45g - Poker,300 FCFA
Apta Tampon a Récurer 5 Pièces - Apta,750 FCFA
Lotus Papier Toilette Moltonel 4 Rouleaux - Lotus,1 775 FCFA
Panzani Pâtes Coudes Rayés - 500G,1 990 FCFA
Café Royal 1 Boîte De Café Royal Coffee Mild/Doux - Arôme Double Lungo - 100G,Boutique Officielle
Café Royal 1 Boîte De Café Royal Coffee Aggloméré - Arôme Corsé - 200G,Boutique Officielle
WHITE LION POWER Power Boisson Energisante 250ml,5 400 FCFA
Café Royal 1 Paquet De Café Royal Caramel - Arôme Caramel - 10 Capsules,Boutique Officielle
"Nutraline OTISPORT Nutrition Sportive, bleu, jaune, boîte 350G",2 200 FCFA
Generic Charbon de bois ecologique - 4 kg,1 200 FCFA
Café Royal 1 Boîte De Bûchettes De Sucre Café Royal  - 1000 Pièces - 4G,Boutique Officielle
"Nutraline QUICKER OATS - Flocons d'avoine, sachet 600G, beige, marron clair",1 250 FCFA
Gappy Serviette De Table Blanc x 100 x 30 x 30 Cm,750 FCFA
Pony Pêches Au Sirop 410g,1 300 FCFA
Pony Abricot Au Sirop 410g,1 300 FCFA
Panzani Sauce Provençale - 425G,1 900 FCFA
Apta Carre Vaisselle 5 Pièces - Apta,1 075 FCFA
Panzani Pâtes Farfalle - 500G,1 990 FCFA
Panzani Pâtes Penne Rigate - 500G,1 590 FCFA
Ducros Vinaigrette F.herbes 500ml,1 475 FCFA
MOURAFA Sankhal – 400G,590 FCFA
Arix Eponge Carre Vaisselle Couleur x 3,900 FCFA
York Mop Rectangulaire Set 14L New Printemps,3 350 FCFA
Chio Chips Sour & Cream Onion - 75G,825 FCFA
Lu Petit Brun 150g,1 200 FCFA
Carolin Desinfectant Salle De Bain Pistolet Anticalcaire Vinaigre - 650ML,2 500 FCFA
Generic Lot  De 100 Serviettes Jetables  - 1 Plis,825 FCFA
Pulmoll Extra Strong 45G - Pulmoll,1 325 FCFA
Twining The Vert Simplement Pur,3 425 FCFA
Carolin Desinfectant Pistolet Anti-bact Sans Javel Eucalyptus - 650ML,2 500 FCFA
Lu Petit Beurre 200g,1 650 FCFA
Avril Champignons Entiers - 390G,1 400 FCFA
LA VIVRIERE Farine de Niébé – 400 G,625 FCFA
Mentos Pf Wintergreen 35pcs - Mentos,1 975 FCFA
Ducros Mayonnaise Squeezer 450gr,1 850 FCFA
Panzani Pâtes Torti - 500G,1 700 FCFA
Mr Propre Nettoyant Ménager Multi usage Fraicheur d’hiver – 750ML,Boutique Officielle
Le Soleil 4/4 Pois Chiches,1 525 FCFA
Zwan Luncheon Poulet 340g,2 200 FCFA
Canard Lot De 3 Blocs Cuvette - Marine,3 400 FCFA
Avril Haricots Vert Très Fins - 400G,790 FCFA
Panzani Linguine N°11 500g,1 450 FCFA
Energizer Pile AA R6 x 2,625 FCFA
York Eponge Maille d'acier Spiral Mini,190 FCFA
Soft Flower Papier Absorbant 300Feuilles 2V XXL  Imprime,2 550 FCFA
Canard Lot De 2 Blocs - Eau Bleue,2 900 FCFA
Panzani Spaghettone 500g,1 480 FCFA
Zena Fleurs De Bissap Rouge 125g,575 FCFA
Yotox Diffuseur Electrique,1 550 FCFA
Le Soleil 4/4 Macedoine Legumes,1 700 FCFA
Le Soleil 1/2 Macedoine Legumes,1 000 FCFA
Stella Eponge Metalique 3Pcs,390 FCFA
Café Royal 1 Boîte De Café Royal Coffee Mild/Doux - Arôme Double Lungo - 100G,Boutique Officielle
Café Royal 1 Paquet De Café Royal Caramel - Arôme Caramel - 10 Capsules,Boutique Officielle
"Nutraline OTISPORT Nutrition Sportive, bleu, jaune, boîte 350G",2 200 FCFA
WHITE LION POWER Power Boisson Energisante 250ml,5 400 FCFA
Café Royal 1 Boîte De Bûchettes De Sucre Café Royal  - 1000 Pièces - 4G,Boutique Officielle
Generic Charbon de bois ecologique - 4 kg,1 200 FCFA
Café Royal 1 Boîte De Café Royal Coffee Aggloméré - Arôme Corsé - 200G,Boutique Officielle
"Nutraline QUICKER OATS - Flocons d'avoine, sachet 600G, beige, marron clair",1 250 FCFA
Febreze Désodorisant Textile Anti-Tabac – 500ML,Boutique Officielle
Ducros Olives Noires Grecque 37cl Bocal,1 850 FCFA
Twining English Breakfast,3 200 FCFA
Kikkoman Sauce De Soja Allégée en Sel 250ml - Kikkoman,3 200 FCFA
Ducros Olives Noires 37cl Denoyautées Bocal,1 500 FCFA
Ducros Vinaigrette Nature 500ml,1 350 FCFA
Ducros Pot De Cornichons 72 Cl,2 800 FCFA
Zwan Luncheon Poulet Hot Spicy 200 g,1 525 FCFA
Stella Eponge Cellulose Vaisselle,975 FCFA
Soft Flower Serviette 2V 38X38 40Pcs  Orange,1 475 FCFA
Soft Flower Serviette 2V 38X38 40Pcs  Rouge,1 475 FCFA
Ferba Champignons Eminces 4/4,2 325 FCFA
Bravo Jus d'Orange - 2L,3 100 FCFA
Rose Lait Entier - 1L,Boutique Officielle
Seo Bouteilles d'eau Minérale - 4.5 Litres,425 FCFA
Lalia Lait En Poudre - 500G,1 575 FCFA
Madar Nettoyant Multi-Usage - Citron - 900ML,850 FCFA
Indomie Nouilles Instantanées Saveur Crevettes,250 FCFA
Everyday Farine De Blé 1KG,Boutique Officielle
Valda Pastilles Non Ph. 28g,225 FCFA
"Pack de 6 Bouteilles d'Eau Minérale - 1,5 Litres",Boutique Officielle
Madar Lessive en Poudre - 900G,1 100 FCFA
Coca-cola Canette - 330ML,Boutique Officielle
Bocal De Moutarde - 850G,Boutique Officielle
"Prince Biscuits Goût Chocolat - 73,8 g",350 FCFA
Mini Jus Pomme Briquette 200 ML -  Goodies Offerts à partir de 12 unités achetées,200 FCFA
Everyday Mayonnaise Oeufs 500ML,1 150 FCFA
Biskrem Biscuits À La Crème Coco,100 FCFA
Chocomousse Pate à Tartiner 500G,825 FCFA
Everyday Pate Alimentaire Spirelli 500G,Boutique Officielle
Royal Sénégal Riz Long Grain 5% Parfumé - 1KG,650 FCFA
Savonet Gel Lavant Liquide - Citron - 350ML,425 FCFA
Bocal De Moutarde - 370G,Boutique Officielle
Minute Maid Minute Maid Tropical - 330ML,Boutique Officielle
Madar Eau de Javel - 1L,425 FCFA
Dano Lait Entier Concentré Non Sucré - 170 gr,Boutique Officielle
Boisson Gazeuse - 1L,725 FCFA
Pepsi Canette - 33 CL,Boutique Officielle
Diamo Mayonnaise  1kg,1 700 FCFA
Pepsi Canette - Pepsi Max - 33CL,Boutique Officielle
Generic Serpillière Multicolore,475 FCFA
Café Royal 1 Paquet De 16 Capsules Decaffeinato compatible avec Dolce Gusto,Boutique Officielle
"Nutraline OTIKIDS Nutrition Jeunesse, rouge, jaune, crocodile",1 850 FCFA
"Nutraline OTIVA Nutrition Healthy, bleu, vert, boîte 350G",2 200 FCFA
Café Royal 16 Capsules - Caramel - Compatible Avec Dolce Gusto,3 000 FCFA
Café Royal 1 Paquet De Café Royal Caramel - Arôme Caramel - 10 Capsules,Boutique Officielle
"Nutraline QUICKER OATS - Flocons d'avoine, sachet 600G, beige, marron clair",1 250 FCFA
WHITE LION POWER Power Boisson Energisante 250ml,5 400 FCFA
Generic Serpillière Multicolore,475 FCFA
Dano Carton Lait Quotidien 400G*10,Boutique Officielle
Anita Gingembre 50g - Anita,450 FCFA
Coca-cola Pack De 24 Canettes - 330ML,Boutique Officielle
Anita Epices Grillades 50G - Anita,525 FCFA
Madar Nettoyant Multi-Usage Citron - 225ML,250 FCFA
Everyday Mais Doux en Conserve 330G,Boutique Officielle
Pack De 24 Canettes - 330ML,Boutique Officielle
Libidor Riz Entier Parfume 5Kg,4 090 FCFA
Css Sucre en Poudre - 1KG,825 FCFA
Nescafe Boite 50g,835 FCFA
Everyday Céréales Cornflakes - 750G + Bouteille Jus D'orange 50cl Offerte,Boutique Officielle
Schweppes Boisson Gazeuse Agrumes - 1L,690 FCFA
Canette - 330ML,Boutique Officielle
Generic Allume-Gaz électrique Allume-feu pour cuisine poêle à gaz poêle barbecue poêles,2 300 FCFA
Nescafe Boite 200g,2 975 FCFA
Anita Epice Viande 50g - Anita,500 FCFA
Anita Epice Poulet 50g - Anita,500 FCFA
Café Royal 1 Boîte De Café Royal Coffee Aggloméré - Arôme Corsé - 200G,Boutique Officielle
Seau de purée De piment -1KG,Boutique Officielle
Racines Thé Infusin D'Afrique  Citronnelle Ging - 25 Sachets – 40G,2 600 FCFA
Dano Chapelet de 10 Lait Entier En Poudre - 20G,Boutique Officielle
Fanta Canette Fruits Rouges - 330ML,Boutique Officielle
Fanta Pack De 24 Canettes Orange - 330ML,Boutique Officielle
Bocal De Moutarde - 150G,370 FCFA
Noura Lessive en Poudre - 900G,1 025 FCFA
Candia Lait Entier GrandLait - 1 Litre,Boutique Officielle
Fanta Canette Orange - 330ML,Boutique Officielle
KAYNA Petit Plomb – 250 g,225 FCFA
VIMTO Boisson Gazeuse - 1L,750 FCFA
Souki Sucre en Morceaux - 1KG,790 FCFA
Gazelle Boisson Gazeuse Limonade - 30CL,250 FCFA
Gazelle Boisson Gazeuse Pomme - 1L,650 FCFA
Everyday Ketchup 1KG,1 350 FCFA
Thiof Riz Parfumé Brisé 100% - 25Kg,14 200 FCFA
Nectar De Fruits - Pomme - 1 Litre,Boutique Officielle
Anita 7epices 50g - Anita,560 FCFA
Candia Lait Candy'Up Fraise - 200ML,Boutique Officielle
CORVISART Biscottes 100 Tranches,2 875 FCFA
Generic Sniper Pour Punaise De Lit - Insecte - Cafards 100ml,4 900 FCFA
"Nutraline OTIVA Nutrition Healthy, bleu, vert, boîte 350G",2 200 FCFA
"Nutraline OTIKIDS Nutrition Jeunesse, rouge, jaune, crocodile",1 850 FCFA
"Nutraline QUICKER OATS - Flocons d'avoine, sachet 600G, beige, marron clair",1 250 FCFA
Café Royal 1 Boîte De Café Royal Coffee Mild/Doux - Arôme Double Lungo - 100G,Boutique Officielle
WHITE LION POWER Power Boisson Energisante 250ml,5 400 FCFA
Generic Charbon de bois ecologique - 4 kg,1 200 FCFA
"Nutraline OTISPORT Nutrition Sportive, bleu, jaune, boîte 350G",2 200 FCFA
Café Royal 1 Paquet de 10 Capsules Agent's Choice compatible avec Nespresso- Arôme fruité,Boutique Officielle
Marrakech Jus Kids Mangue 200ml,235 FCFA
Présséa Fresh Canette Orange - 25 CL,Boutique Officielle
Bocal De Purée De Piment - 370G,Boutique Officielle
The Vert Nature  30 Sachets,2 100 FCFA
The Caramel  25 Sachets,1 850 FCFA
Green Leaf 4 Pièges à leurre pour souris et rat panneaux collants de force piège à colle intérieur et extérieur,2 990 FCFA
Generic Couscous Moyen Capa - 1KG,925 FCFA
Generic Balai Raclette Vitre + Manche,825 FCFA
VIMTO Boisson Gazeuse - 30CL,290 FCFA
Generic Charbon Pour Chicha et Encens,4 000 FCFA
Maggi Tablette Arome 60x10G,1 625 FCFA
Madar Nettoyant Lave Vitres - 1L,750 FCFA
Fanta Pack De 24 Canettes Fruits Rouges - 330ML,Boutique Officielle
Amora Mayonnaise Blanche - 450G,1 490 FCFA
La Perruche Sucre Cassonade 750G Doypack,2 500 FCFA
Gazelle Boisson Gazeuse Ananas - 1L,690 FCFA
"Dano Chapelet de 10 Lait En Poudre ""Quotidien' - 20G",Boutique Officielle
The Agrumes  20 Sachets,1 850 FCFA
Rani Canette Cocktail - 240ML,325 FCFA
The Citron  25 Sachets,1 850 FCFA
"Casamançaise Bouteille d'Eau Minérale - 1,5 Litres",260 FCFA
Generic Ensemble de couches lavables - Paquet de 5 couches réutilisables pour bébés avec insert,19 800 FCFA
Ariel Poudre Lessive Machine 2Kg,Boutique Officielle
NOR DAR Couscous Moyen 1kg,990 FCFA
Fanta Boisson Gazeuse Orange - 1L,725 FCFA
Duval Sirop De Menthe - 75CL,1 790 FCFA
Generic Pack allume Gaz avec recharge  +Charbon de bois Narguilé,5 050 FCFA
Présséa Fresh Canette Mangue - 25 CL,Boutique Officielle
Candia Pack De 21 Lait Candy'Up Fraise - 200ML,Boutique Officielle
Chio Chips Fromage - 75g,825 FCFA
Dano Lait Entier - 400G,Boutique Officielle
Nectar De Fruits - Mix Ananas/Gingembre - 1 Litre,Boutique Officielle
Présséa Fresh Boisson Aux Fruits - Orange - 1 Litre,Boutique Officielle
KAYNA Cheveux d’ange – 500g,650 FCFA
Divella Biscuits Grottoli 400G,1 500 FCFA
Maizena Fleur De Mais 400g,2 325 FCFA
MOURAFA Pâte D’arachides – 500G,1 200 FCFA
Gazelle Boisson Gazeuse Pomme - 30CL,250 FCFA
KAYNA Couscous Moyen – 500g,475 FCFA
Présséa Fresh Boisson Aux fruits - Tropical - 1 Litre,Boutique Officielle
TERRA DELYSSA Huile D'olive 250ml,1 890 FCFA
WHITE LION POWER Power Boisson Energisante 250ml,5 400 FCFA
"Nutraline OTIKIDS Nutrition Jeunesse, rouge, jaune, crocodile",1 850 FCFA
Café Royal 1 Paquet De 10 Capsules Guatémala - Compatible avec Nespresso - Arôme légèrement épicé,Boutique Officielle
"Nutraline OTISPORT Nutrition Sportive, bleu, jaune, boîte 350G",2 200 FCFA
"Nutraline QUICKER OATS - Flocons d'avoine, sachet 600G, beige, marron clair",1 250 FCFA
Generic Charbon de bois ecologique - 4 kg,1 200 FCFA
Café Royal 1 Paquet De 16 Capsules Decaffeinato compatible avec Dolce Gusto,Boutique Officielle
TERRA DELYSSA Huile D'olive 250ml,1 890 FCFA
Generic Riz Basmati - 5KG,6 675 FCFA
Mirinda Canette Fruity - 33 CL,Boutique Officielle
Generic Balai Tête De Loup Boule + Manche Telescopique,1 575 FCFA
KAYNA Couscous Fin - 1kg,950 FCFA
Pack de 12 Bouteilles d'Eau Minérale - 50CL,2 500 FCFA
Generic Ultrasonique électronique Moustique Ravageur Insecte Souris Insectes Répulsif,4 890 FCFA
Café Royal 1 Paquet De 16 capsules Caffe Grande -Compatibles avec Dolce Gusto,Boutique Officielle
Generic Pack de 4 Tapis Collant Piége  pour souris et rats,2 200 FCFA
Divella Biscuits Tourelles 350G,1 500 FCFA
White Label Lave vitre magnétique double face,5 500 FCFA
Wash Nicely LE TRIO DE LAVAGE POUR MACHINE A LAVER,9 300 FCFA
Cacao Butter Pur Beurre de cacao 500g,3 600 FCFA
Ariel Poudre Lessive Main 160G,Boutique Officielle
White Label Panier à Linge - 63 Litres - CA820414 ( multicolores),Boutique Officielle
Generic Serpillière Blanche,475 FCFA
J'Adore Huile de Tournesol - 1.8L,3 575 FCFA
Marrakech Jus Nectar Mangue 1L,1 275 FCFA
SAAFIA Arraw Gros 500g,650 FCFA
Welsea Thon à L'herbe & Ail Poche 74g,600 FCFA
Hojiblanca Huile Olive 75 Cl,6 090 FCFA
Ariel Poudre Lessive Main Couleur 22G,Boutique Officielle
Don Simon Jus Multifruits - 1 Litre,1 125 FCFA
Europa Balai Moquette + Manche,1 300 FCFA
Gazelle Boisson Gazeuse Ananas - 30CL,250 FCFA
Moutarde de Dijon Squeeze - 750 G,1 275 FCFA
Nectar Mix Mangue Passion - 1 Litre,Boutique Officielle
FRESHY Savon Liquide Lave Main FRESHY Citron 475ML,Boutique Officielle
Nectar Orange - Sans Sucres Ajoutés - 1 Litre,Boutique Officielle
Café Royal 1 Paquet De Café Royal Espresso Forte - Arôme fruité - 10 Capsules,1 990 FCFA
Eau Minérale - 0.5l,190 FCFA
"Ariel Lessive en Poudre ""Original"" - 400G",800 FCFA
Generic Bruleur d'encens électrique - Argenté,3 500 FCFA
KAYNA Coude Raye  - 500g,650 FCFA
Gizmo Pack Maxi 36 Couches Pour Bébé 9-18 kg,2 800 FCFA
Tabana Poivron Rouge Entier 1/2,1 390 FCFA
Generic Cafe Touba Gade Gui 250g,850 FCFA
"Generic Lot de 4 Épurateurs / Eponges en Acier Inoxydable, laine de nettoyage pour la cuisine",490 FCFA
Zena Boisson Ditakh 1l,1 850 FCFA
Zena Pate D'arachide 370g,1 250 FCFA
"Nutraline OTIKIDS Nutrition Jeunesse, rouge, jaune, crocodile",1 850 FCFA
Café Royal 1 Paquet De 16 capsules Caffe Grande -Compatibles avec Dolce Gusto,Boutique Officielle
WHITE LION POWER Power Boisson Energisante 250ml,5 400 FCFA
"Nutraline OTIVA Nutrition Healthy, bleu, vert, boîte 350G",2 200 FCFA
"Nutraline OTISPORT Nutrition Sportive, bleu, jaune, boîte 350G",2 200 FCFA
Café Royal 16 Capsules - Caramel - Compatible Avec Dolce Gusto,3 000 FCFA
Generic Charbon de bois ecologique - 4 kg,1 200 FCFA
"Nutraline QUICKER OATS - Flocons d'avoine, sachet 600G, beige, marron clair",1 250 FCFA
Generic Seau Essoreur Ménage - Lazy Mop - Serpillère Microfibre - Automatique,10 900 FCFA
TERRA DELYSSA Huile D'olive 500ml,3 500 FCFA
Stella Eponge Vaisselle,390 FCFA
Nestle Coffee-mate,7 900 FCFA
Carvi Food Viande De Bœuf Séchée - Halal -  Ail - 30g,1 240 FCFA
Hemani Huile pour peau de Coco concentré et  Pure - 100% Naturelle - 400 ml,2 500 FCFA
Présséa Fresh Boisson Fresh Mangue Coco - 33CL,Boutique Officielle
Generic Balai Magique et Seau essoreuse 360°,7 900 FCFA
Generic Film Alimentaire - multifonction 100pièces,3 500 FCFA
Zafi Marinades Viandes Naturels - Chapelet Stick 10 x 15G,490 FCFA
Generic Laveur automatique de brosse de nettoyage de cuisine en plastique,2 900 FCFA
Barilla Maccheroni 500g - Barilla,975 FCFA
Zena Sirop Citron 75cl,1 750 FCFA
Sensations Cacao 100% Poudre de cacao foncée 400g,2 750 FCFA
Madar Renzo - Multi-Usages au Citron - 900 ml,3 500 FCFA
Generic Charbon Pour Chicha et Encens,3 800 FCFA
"Casamançaise Bouteille d'Eau Minérale - 0,6 Litres",195 FCFA
Elle & Vire Crème Dessert Chocolat - 125G,450 FCFA
The Agrumes 20 Sachets,1 775 FCFA
Nespresso 10 Capsules - Venezia - Inspirazione Italiana,3 300 FCFA
KAYNA Petit Plomb – 500 g,450 FCFA
Présséa Fresh Boisson Aux Fruits Fresh Mangue Coco - 1L,Boutique Officielle
Zafi Marinades Poissons Naturels - Chapelet Stick 10 x 15G,490 FCFA
SAAFIA Couscous Avec Lalo 500g,700 FCFA
Pharma Care Savon Liquide Lave Main Antibactérien 475ML,Boutique Officielle
Generic Poudre de de kojic acid pour se blanchir rapidement effets secondaires 0%,2 000 FCFA
Sunu Suker Buchettes de Sucre Blanc Cristallisé - 500G,1 050 FCFA
Amora Flacon D'arôme - 160ML,1 290 FCFA
Generic Sniper Pour Punaise De Lit - Insecte - Cafards 100ml,3 890 FCFA
Bravo Melon Ananas 1l - Bravo,1 550 FCFA
Bonnet Rouge Lait Concentré Non Sucré - 410g,1 150 FCFA
Nectar De Fruits - Mangue - 1 Litre,1 150 FCFA
Generic Pâte d'arachide en sachet - Gade gui - 250 g,350 FCFA
Divella Petit Biscuit 400G,1 500 FCFA
Coca-cola Boisson Gazeuse - 30CL,260 FCFA
"Bouteille d'Eau Minérale - 1,5 Litres",Boutique Officielle
Generic Balai Magique et Seau Essoreur 360° - Vert Blanc,7 900 FCFA
SAAFIA Sankhal 500g,600 FCFA
MOURAFA Bissap En Poudre – 200G,1 125 FCFA
Café Royal 1 Paquet De 16 Capsules Brasil comptablible avec Dolce Gusto- Arôme Noix & Chocolat,Boutique Officielle
WHITE LION POWER Power Boisson Energisante 250ml,5 400 FCFA
"Nutraline QUICKER OATS - Flocons d'avoine, sachet 600G, beige, marron clair",1 250 FCFA
Café Royal 1 Paquet De 16 Capsules Brasil comptablible avec Dolce Gusto- Arôme Noix & Chocolat,Boutique Officielle
Café Royal 1 Paquet de 10 capsules Espresso Forte compatibles avec Nespresso - Arôme fruité,Boutique Officielle
"Nutraline OTISPORT Nutrition Sportive, bleu, jaune, boîte 350G",2 200 FCFA
Generic Charbon de bois ecologique - 4 kg,1 200 FCFA
Café Royal 1 Boîte De Café Royal Coffee Aggloméré - Arôme Corsé - 200G,Boutique Officielle
"Nutraline OTIVA Nutrition Healthy, bleu, vert, boîte 350G",2 200 FCFA
Nespresso 10 Capsules - Cosi - Espresso Classique,3 300 FCFA
SAAFIA Thiakry 500g,650 FCFA
"Generic Boîte de coton-tige, cure-dents, coton de maquillages en acrylique",4 500 FCFA
Elle & Vire Lait 1/2 Ecrémé Bouteille 50CL,850 FCFA
Mirinda Canette Mirinda Orange - 33 CL,Boutique Officielle
NOR DAR Couscous Fin - 1kg,990 FCFA
Cic Riz Parfumé – MIMO Thai Hom Mali – 5 X 5 Kg,19 000 FCFA
Gizmo Pack Mini 15 Couches Pour Nouveau Né (2 à 5kg ),3 750 FCFA
Generic 6 sachets Poudre de feuille verte antiparasitaire Lutte contre les cafards,1 490 FCFA
Smart Chef Levure Jaune 13g,30 FCFA
Nido Lait en Poudre 2.5kg,19 995 FCFA
Generic Sirop De Maad-Neex Maad-1L,2 000 FCFA
Barilla Spaghettoni 500g - Barilla,910 FCFA
GIAGUARO Tomates Entières Pelées 1/2,925 FCFA
Bouteille d'Eau Minérale - 33CL,Boutique Officielle
Express Huile d'Olive 100% Bio - 60 ml,2 000 FCFA
Generic Omo  madar 1kg,2 500 FCFA
Bassy Préparation beignets au sucre - 3 sachets de 310g - Bassy,2 000 FCFA
Présséa Fresh Boisson Fresh Tropical - 33CL,Boutique Officielle
Café Royal 1 Paquet de 10 capsules Espresso Forte compatibles avec Nespresso - Arôme fruité,Boutique Officielle
Barilla Spaghettini 500g - Barilla,1 000 FCFA
Maxwell Café Soluble Qualité Filtre 100g,5 375 FCFA
Blédina Céréales 200g,975 FCFA
Generic Film Alimentaire - Lot de 100 Pièces - 20m,1 800 FCFA
Joker Bouillon Epices -10 Sachets - Piment - 75G,Boutique Officielle
Présséa Fresh Boisson Fresh Orange - 33CL,Boutique Officielle
Barilla Spaghettoni 500g - Barilla,1 000 FCFA
Febreze Désodorisant Voiture Citron Agrume – 2ML,Boutique Officielle
Maxwell Café 25 Sticks Qualité Filtre 45g,2 975 FCFA
Red Bull Boisson Energétique - 250ML,1 100 FCFA
The Yellow 30 Sachets,1 500 FCFA
Zena Chapelure 200g,575 FCFA
Barilla Pâtes Penne Rigate – 500G,1 125 FCFA
Renova Essuie-Tout Maxi Absorption - 1 Rouleaux XXL Extra,1 150 FCFA
Nespresso Chiaro - Edition Barista - 10 capsules,4 300 FCFA
Don Simon Jus D'ananas - 1 Litre,1 150 FCFA
Generic Lot de 10 Éponges à Vaisselle - Multicolore - CA820071,Boutique Officielle
Yotox Insecticide Plus 520ML,1 350 FCFA
Divella Biscuits Otimini Cacao 400G,1 500 FCFA
"Nutraline QUICKER OATS - Flocons d'avoine, sachet 600G, beige, marron clair",1 250 FCFA
Generic Allumeur de charbon de bois électrique,9 900 FCFA
"Nutraline OTIKIDS Nutrition Jeunesse, rouge, jaune, crocodile",1 850 FCFA
Café Royal 1 Paquet De 16 Capsules Decaffeinato compatible avec Dolce Gusto,Boutique Officielle
Café Royal 1 Paquet De Café Royal Caramel - Arôme Caramel - 10 Capsules,Boutique Officielle
Café Royal 1 Boîte De Café Royal Coffee Mild/Doux - Arôme Double Lungo - 100G,Boutique Officielle
"Nutraline QUICKER OATS - Flocons d'avoine, sachet 600G, beige, marron clair",1 250 FCFA
Café Royal 1 Paquet De 10 Capsules Guatémala - Compatible avec Nespresso - Arôme légèrement épicé,Boutique Officielle
"Nutraline OTISPORT Nutrition Sportive, bleu, jaune, boîte 350G",2 200 FCFA
Generic Allumeur de charbon de bois électrique,9 900 FCFA
Barilla Pâte - Pipe Rigatte - 500G,1 125 FCFA
Elle & Vire Crème Dessert Vanille - 125G,395 FCFA
Dano Lait Entier UHT - 1 Litre,Boutique Officielle
Baobab Allumettes Grand Modèle,185 FCFA
Sanpellegrino Boisson au Pamplemousse - 33CL,675 FCFA
MOURAFA Thiakri – 400G,575 FCFA
White Label Lot de 2 Paniers à Linge - Bleu Vert,Boutique Officielle
Ariel Poudre Lessive Machine 1Kg,Boutique Officielle
Zafi Purée De Piment Extra Fort Avec Morceaux - 370ml,1 550 FCFA
Generic Film Alimentaire - 20m - 100 pièces,1 850 FCFA
Sanpellegrino Boisson à l'Orange Rouge - 33CL,675 FCFA
Cap Africa Thon Entier Naturel 160 G,1 350 FCFA
Generic Film Alimentaire - multifonction 100pièces,3 500 FCFA
Generic Paquet de 20 Sachets Poubelle - 100 Litres - Noir,2 500 FCFA
"Cristaline Bouteilles D'eau Minerale - 0,5 Litres",300 FCFA
Generic Lot de 5pcs Torchon Carré 100% coton  Pour Cuisine Lavage Nettoyage Serviette Plat  ca820281,2 250 FCFA
Don Simon Jus De Pomme - 1 Litre,1 125 FCFA
Nectar De Fruits - Bissap - 1 Litre,860 FCFA
Bio Naturelle Grains de Fenouil - 100 Gr,2 000 FCFA
Wash Nicely WHITE GOLD OXI ACTION RAVIVEUR BLANCHEUR 1KILO,2 800 FCFA
"Generic Plateau en plastique rectangulaire GM ,  décoratifs pour aliments ou pour petit déjeuner CA820537 52.5cm-40cm",2 500 FCFA
Nespresso 10 Capsules - Roma - Inspirazione Italiana,3 500 FCFA
"Cristaline Bouteille D'eau Minerale - 1,5 Litres",490 FCFA
Gizmo 5 Packs Maxi 36 Couches Pour Bébé 9-18 kg,14 000 FCFA
Generic Sirop De Mangue-Neex Mangue-1L,2 000 FCFA
Carvi Food Viande De Bœuf Séchée - Halal -  Ginger - 30g,1 240 FCFA
Generic Encensoir Electrique - Sphère,3 750 FCFA
Marrakech Jus Kids Ananas 200ml,235 FCFA
MOURAFA Araw – 400G,575 FCFA
"Barilla Pâtes  ""Angel Hair"" - 500G",990 FCFA
Ducros Epices Cannelle Baton 10G,1 650 FCFA
Ducros Men Basilic 29g,1 200 FCFA
Madar Savon Ordinaire - 400G,380 FCFA
MOURAFA Bouye En Poudre – 400G,2 250 FCFA
The Vert Nature 30 Sachets,1 690 FCFA
Dano Lait Entier UHT - 500ML,Boutique Officielle
Generic Pince à linge 24 pièces (kep) + Corde (ligne) 12 Metres - Couleurs Aléatoires,2 900 FCFA
Autre Grille-pain 2 FENTES  HIGH ONE,9 955 FCFA
Eafit Granions somdor +Enf Sommeil Sirop Fl/125ml,3 000 FCFA
"Nutraline OTIVA Nutrition Healthy, bleu, vert, boîte 350G",2 200 FCFA
Café Royal 1 Paquet De 16 Capsules Decaffeinato compatible avec Dolce Gusto,Boutique Officielle
Café Royal 1 Paquet de 10 Capsules Agent's Choice compatible avec Nespresso- Arôme fruité,Boutique Officielle
"Nutraline OTISPORT Nutrition Sportive, bleu, jaune, boîte 350G",2 200 FCFA
WHITE LION POWER Power Boisson Energisante 250ml,5 400 FCFA
Generic Charbon de bois ecologique - 4 kg,1 200 FCFA
Café Royal 1 Boîte De Café Royal Coffee Aggloméré - Arôme Corsé - 200G,Boutique Officielle
"Nutraline QUICKER OATS - Flocons d'avoine, sachet 600G, beige, marron clair",1 250 FCFA
MOURAFA Thiéré Lalo – 400G,600 FCFA
Tabana Poivron Rouge Entier 1/2,1 450 FCFA
Zafi Purée De Piment Fort Avec Morceaux- 195ml,1 150 FCFA
Café Royal 1 Paquet De 10 Capsules Guatémala - Compatible avec Nespresso - Arôme légèrement épicé,Boutique Officielle
MOURAFA Bissap En Poudre – 200G,1 175 FCFA
Generic SEAU avec robinet 50l,7 200 FCFA
Arix Eponge Carre Vert Abrasif x 5,575 FCFA
Generic Charbon Chicha - 60 Pièces - Noir,2 500 FCFA
Ducros Epices Muscade Moulue 32g,2 300 FCFA
Café Royal 1 Paquet De 16 Capsules Decaffeinato compatible avec Dolce Gusto,Boutique Officielle
Ducros Epices Couscous 38g,1 600 FCFA
Barilla Pâte - Pipe Rigatte - 500G,1 010 FCFA
"Generic Serpillière rotative automatique pour le nettoyage des sols, serpillière à jet d'eau, balai à main pour le nettoyage des sols, Gadget de nettoyage de la poussière",6 500 FCFA
Souki Buchettes de Sucre Blanc Cristallisé - 500G,1 050 FCFA
SAAFIA Arraw Fin 500g,650 FCFA
Yotox Insecticide Jaune 400ML,950 FCFA
Zena Purée De Piment 370g,1 525 FCFA
MOURAFA Bissap En Poudre – 400G,2 750 FCFA
Generic Balai et Ramasse-Poussière - Rouge - CA820611,Boutique Officielle
Generic Paquet de 5 Serpillières - Coton 100% - 50 x 60 cm,2 900 FCFA
Eafit GMAX TAURINE 30 AMPOULES BUV.,12 000 FCFA
Café Royal 16 Capsules - Caramel - Compatible Avec Dolce Gusto,3 000 FCFA
The Citron 25 Sachets,1 775 FCFA
Nova Desodorisant Nova Fresh  Nuit D'orient  500ml,1 175 FCFA
Welsea Thon Albacore Naturel 160g,Boutique Officielle
Dari Couscous Fin - 1KG,1 490 FCFA
Ducros Ketchup Squeezer 560G,1 525 FCFA
"Nutraline OTISPORT Nutrition Sportive, bleu, jaune, boîte 350G",2 200 FCFA
Lido Boites De Sardines - 125G,350 FCFA
Nespresso Caramel Crème Brûlée - Edition Barista - 10 capsules,4 300 FCFA
Sanpellegrino Boisson à l'Orange - 33CL,675 FCFA
"Joya Couches Bébé, Taille 3 (5 - 10 Kg), 38 Couches",4 190 FCFA
Generic Seau Essoreur Ménage - Lazy Mop - Serpillère Microfibre - Automatique,12 500 FCFA
Generic Seau d’eau pliable gris,2 000 FCFA
Nespresso 10 Capsules - Ristretto - Inspirazione Italiana,3 500 FCFA
Marrakech Jus Nectar Goyave 1L,1 275 FCFA
Gizmo Pack Midi 13 Couches Pour Bébé 5-10kg,3 750 FCFA
MOURAFA Thiéré Sans Lalo – 400G,600 FCFA
Generic Porte-Encens - Encensoir Céramique Marron Grand Modèle + 50 Bougies,15 000 FCFA
MOURAFA Thiakri – 400G,600 FCFA
Perrier Bouteille D'eau Pétillante - 20CL,750 FCFA
Café Royal 1 Paquet de 10 Capsules Agent's Choice compatible avec Nespresso- Arôme fruité,Boutique Officielle
"Nutraline OTIVA Nutrition Healthy, bleu, vert, boîte 350G",2 200 FCFA
Café Royal 1 Boîte De Café Royal Coffee Mild/Doux - Arôme Double Lungo - 100G,Boutique Officielle
"Nutraline OTISPORT Nutrition Sportive, bleu, jaune, boîte 350G",2 200 FCFA
WHITE LION POWER Power Boisson Energisante 250ml,5 400 FCFA
Café Royal 1 Paquet De 16 Capsules Decaffeinato compatible avec Dolce Gusto,Boutique Officielle
"Nutraline QUICKER OATS - Flocons d'avoine, sachet 600G, beige, marron clair",1 250 FCFA
Perrier Bouteille D'eau Pétillante - 20CL,750 FCFA
Kangoo Bouteille De Sirop Grenadine - 340ML,Boutique Officielle
Nespresso Volluto Decaffeinato - Espresso Classique - 10 capsules,4 000 FCFA
Joker Bouillon Epices - 10 Sachets - Epices - 75G,Boutique Officielle
Nespresso India- Master Origin - 10 capsules,3 700 FCFA
Ducros Epices Coriandre Graines 22g,1 550 FCFA
"Evian Eau Minérale 1,5 L",1 290 FCFA
Molfix Paquet de 64 Couches - Taille 4 (7-18 kg),8 990 FCFA
Flash Nettoyant Germicide Antibacteriel Wc - 1L,1 500 FCFA
Generic SET TORCHONS X2 POISSONS,Boutique Officielle
Ivorio Jus Gingembre - 33CL,650 FCFA
Zena Boisson Goyave 20cl,525 FCFA
Ducros Men Poivre Gris 90g,3 450 FCFA
Ducros Men Poivre Blanc Moulu 90g,4 500 FCFA
"Generic Paquet de Couches  -36 piéces 1er age,32 piéces 2e age et 28 piéces 3ème Age",3 900 FCFA
MOURAFA Pâte D’arachides – 500G,1 125 FCFA
Couches Baby - T4+ (9 - 20kg) - 62 Pièces BIGPACK - Violet,13 800 FCFA
Generic Sac de Rangement Bébé - Rose fusha,9 762 FCFA
Generic Film Alimentaire - multifonction 200pièces,4 900 FCFA
Zena Boisson Tamarin 20cl,525 FCFA
Hemani Huile de Coco concentré et  Pure - 100% Naturelle - 400 ml,3 200 FCFA
Zena Boisson Gingembre 1l,1 750 FCFA
Nova Lot de 3 Nova Desodorisant Nova Fresh Nuit D'orient 500ml,3 275 FCFA
Dano Lait Demi Ecrémé UHT - 1 Litre,Boutique Officielle
Cap Africa Thon Entier a L'huile De Tournsol,1 500 FCFA
Generic Brûleur à Encens Electrique - Bronze,5 000 FCFA
Generic Cuisine paume plat brosse avec la vaisselle jusqu'à savon distributeur de stockage ensemble pot casserole brosse livraison gratuite,3 000 FCFA
Generic Trapcoll Piège à colle pour rongeurs et rats 135grs,1 090 FCFA
Saba Lessive en Poudre Floral - 900g,1 250 FCFA
Generic Pelle à Poussière avec Brosse Rigide - Bleu,1 050 FCFA
Nespresso 10 Capsules - Kazzar - Inspirazione Italiana,3 300 FCFA
Bio Naturel Pack de 6 bouteilles en verre de Jus De Bissap - Neex Bissap - 250 ml,3 000 FCFA
Welsea Thon Albacore à L'huile D'olive 160g,1 800 FCFA
Generic Détachant Multi-Usage Sir Asprins Vaporisateur - 750ML,Boutique Officielle
Generic papier aluminium CA820118,Boutique Officielle
MOURAFA Thiéré Lalo – 400G,575 FCFA
White Label Briquet à Gaz Générique - Pas de recharge,2 900 FCFA
Hemani Huile de Coco Pure 100% Naturelle -  400 ml,4 990 FCFA
Wash Nicely CARTON DE 6 UNITÉS WHITE GOLD OXI ACTION RAVIVEUR BLANCHEUR 1KILO,16 000 FCFA
JYRELA Tomates Entières Pelées  4/4,1 450 FCFA
"Nutraline OTIKIDS Nutrition Jeunesse, rouge, jaune, crocodile",1 850 FCFA
WHITE LION POWER Power Boisson Energisante 250ml,5 400 FCFA
Café Royal 1 Paquet De 16 Capsules Decaffeinato compatible avec Dolce Gusto,Boutique Officielle
Café Royal 1 Paquet De 10 Capsules Guatémala - Compatible avec Nespresso - Arôme légèrement épicé,Boutique Officielle
"Nutraline QUICKER OATS - Flocons d'avoine, sachet 600G, beige, marron clair",1 250 FCFA
Café Royal 1 Paquet de 10 Capsules Agent's Choice compatible avec Nespresso- Arôme fruité,Boutique Officielle
Generic Charbon de bois ecologique - 4 kg,1 200 FCFA
"Nutraline OTISPORT Nutrition Sportive, bleu, jaune, boîte 350G",2 200 FCFA
Zena Boisson Bissap 20cl,525 FCFA
Wash Nicely ASSOUPLISSANT  A LA ROSE MUSQUÉE 2L,1 800 FCFA
Generic Pack de 3 brosse de nettoyage multifonction,2 000 FCFA
Dari Couscous Moyen - 1KG,1 490 FCFA
Wash Nicely LESSIVE CAPSULE DOUBLE ACTION X26,5 300 FCFA
Generic Couverture cheveux multifonction 100 pièces,1 790 FCFA
Softcare Paquet de Couches - 36 Pièces - 1er Age,3 900 FCFA
Panzani Pâtes Macaroni - 500G,990 FCFA
Generic éponge à Vaisselle - Grattoir et Microfibre - CA820072,Boutique Officielle
Green Leaf Lot de 2 sachets de 3 pièces antiparasitaire Lutte contre les cafards,2 500 FCFA
Sanpellegrino Boisson Au Citron - 33CL,675 FCFA
Generic 1PC Creative USB Charging Cigarette Lighter Windproof Flameless Smokeless Gift Electronic Cigarette Lighters(#red And White),Expédié depuis l'étranger
Generic Charbon Pour Chicha et Encens sans co2,5 000 FCFA
Nespresso Buenos Aires Lungo - World Explorations - 10 capsules,3 700 FCFA
JYRELA Tomates Entières Pelées 4/4,1 390 FCFA
Generic Poudre de de kojic acid pour se blanchir rapidement effets secondaires 0%,1 499 FCFA
Bio Huile de chébé du Tchad pour cheveux 30ml,1 659 FCFA
Generic Pate d'arachide - Gade Gui - 1 kg,1 416 FCFA
Diamo Vinaigre Coloré 1l,425 FCFA
Generic Serpillière plate avec seau et tampons en microfibre lavables pour système professionnel de nettoyage des sols de la maison,18 999 FCFA
Café Royal 1 Paquet de 10 capsules Espresso Forte compatibles avec Nespresso - Arôme fruité,11 000 FCFA
Generic SAC FRAÎCHEUR ISOTHERME NATURAL LIFE,Boutique Officielle
Nespresso Colombia - Master Origin - 10 capsules,3 700 FCFA
Generic Paquet de charbon de bois naturel,5 650 FCFA
"Bio Crème Extra Grossissante Akfine à l'extrait d'akpi, Fenugrec, Aguaje et Kigélia -",7 500 FCFA
Zena Boisson Goyave 1l,1 650 FCFA
GIAGUARO Tomates Entières Pelées 1/2,890 FCFA
Generic Désodorisant Concentré Foresan Deluxe - 125 ml,1 400 FCFA
Canard Fresh Disc,3 000 FCFA
Nespresso Arpeggio Decaffeinato - Inspirazione Italiana - 10 capsules,3 800 FCFA
Nespresso 10 Capsules - Roma - Inspirazione Italiana,3 500 FCFA
Bouteille d'Eau Minérale - 50 CL,Boutique Officielle
Zwan Pack Tapenade 2 Boites  Bœuf + Poulet - 200G,2 950 FCFA
"Generic Gants de Vaisselle en Silicone de Nettoyage Magique, réutilisables,",4 000 FCFA
Wash Nicely CARTON DE 8 UNITÉS ASSOUPLISSANT CONCENTRÉ LA ROSE MUSQUÉE 2L,14 000 FCFA
Generic Tapis De Prière de Poche Avec Boussole Noir,3 500 FCFA
Generic Charbon Naturel King Coco 1kg - 28 mm,2 900 FCFA
Divella Huile D'Olive 500ML,4 450 FCFA
Ducros Safran en Poudre 0.3g,3 850 FCFA
Autre Allumeur de charbon de bois,8 000 FCFA
Gizmo Pack Maxi 12 Couches Pour Bébé 9-18 kg,1 200 FCFA
Café Royal 1 Paquet de 10 Capsules Agent's Choice compatible avec Nespresso- Arôme fruité,Boutique Officielle
"Nutraline OTIKIDS Nutrition Jeunesse, rouge, jaune, crocodile",1 850 FCFA
Café Royal 1 Paquet De 16 capsules Caffe Grande -Compatibles avec Dolce Gusto,Boutique Officielle
"Nutraline OTISPORT Nutrition Sportive, bleu, jaune, boîte 350G",2 200 FCFA
WHITE LION POWER Power Boisson Energisante 250ml,5 400 FCFA
Café Royal 16 Capsules - Caramel - Compatible Avec Dolce Gusto,3 000 FCFA
"Nutraline QUICKER OATS - Flocons d'avoine, sachet 600G, beige, marron clair",1 250 FCFA
Gizmo Pack Maxi 12 Couches Pour Bébé 9-18 kg,1 200 FCFA
Bio Naturelle Bâton de Curcuma - 100 Gr,2 000 FCFA
Divella Biscuits Otimni Classic 400G,1 500 FCFA
Couches T2 (3-6 kg) - 78 Pièces BIGPACK - Violet,11 200 FCFA
Bio Naturelle Sucre Stéviana - 50 Sachets,6 900 FCFA
Zena Purée De Piment 100g,875 FCFA
Generic Cubes d'allumage - 48 Cubes - Blanc,990 FCFA
Generic Tapis Collant Piége  pour souris et rats,890 FCFA
Molfix Bébé MOLFIX JUMBO - Couches 3D Midi taille 3 (4-9 kg) 72 couches,9 900 FCFA
Generic Charbon Pour Chicha et Encens,2 999 FCFA
Generic Allumeur de charbon de bois électrique,13 520 FCFA
"Evian Eau Minérale 0,5 L",720 FCFA
Generic Cafe Touba Gade Gui 5KG,13 950 FCFA
Tabasco Tabasco Rouge 60ml,3 090 FCFA
Nespresso 10 Capsules - Volluto - Espresso Classique,3 500 FCFA
Nespresso Stockholm Fortissio Lungo - World Explorations - 10 capsules,3 700 FCFA
Ducros Men Thym 35g,1 225 FCFA
"Generic Désodorisant , Diffuseur de parfum - Lavande",2 900 FCFA
MOURAFA Araw – 400G,600 FCFA
Generic PACK 4 POUDRE INSECTICIDE CANYE MULTIFONCTIONS 100g,4 800 FCFA
Ducros Epices Gingimbre Moulu 26g,1 775 FCFA
Generic Balai Magique et Seau essoreuse 360°,7 900 FCFA
Soft Flower Assiette 6Pcs,690 FCFA
Arraw Fin - 500G,675 FCFA
Bio Naturel Pack de 6 Bouteilles en verre de Jus de Tamarin - Neex Tamarin - 250 ml,3 000 FCFA
Generic Planche à Découper en Bois - - Bambou + 1 Rouleau de Pâtissier,2 990 FCFA
Café Royal 1 Paquet de 10 Capsules Agent's Choice compatible avec Nespresso- Arôme fruité,Boutique Officielle
Bio Naturelle Anis Etoilée - 100 gr,1 900 FCFA
Ami Barquette De Bouillon Epices - 60 Tablettes Crevettes - 10G,Boutique Officielle
Smiley Pack De 11 Couches - Taille 4 (9 - 18 Kg),1 100 FCFA
Souplesse Huile d'Olive 100% Bio - 60 ml,1 000 FCFA
Don Simon Jus D'orange - 20CL,275 FCFA
Nespresso 10 Capsules - Capriccio - Espresso Classique,3 500 FCFA
Generic Brûleur à Encens Electrique  - Doré,5 000 FCFA
Generic neex kaani-puree de piment-200ml,1 000 FCFA
Welsea Thon Alabacore à L'huile De Tournsesol 160g,Boutique Officielle
Nova Desodorisant Nova Fresh Lavande 500ml,1 100 FCFA
Parmentier Sardine Piment 135g,1 750 FCFA
Generic Packs de 10 Craie Outil tueur Insectes Rampant et cafards,2 340 FCFA
"Asevi Liquide Lessive ASEVI 2,850L - Rouge",9 000 FCFA
Generic Éponge de bain article merveilleux,2 790 FCFA
Café Royal 16 Capsules - Caramel - Compatible Avec Dolce Gusto,3 000 FCFA
Café Royal 1 Paquet De 10 Capsules Guatémala - Compatible avec Nespresso - Arôme légèrement épicé,Boutique Officielle
WHITE LION POWER Power Boisson Energisante 250ml,5 400 FCFA
"Nutraline OTIVA Nutrition Healthy, bleu, vert, boîte 350G",2 200 FCFA
"Nutraline OTISPORT Nutrition Sportive, bleu, jaune, boîte 350G",2 200 FCFA
Café Royal 1 Boîte De Café Royal Coffee Mild/Doux - Arôme Double Lungo - 100G,Boutique Officielle
"Nutraline QUICKER OATS - Flocons d'avoine, sachet 600G, beige, marron clair",1 250 FCFA
Generic Éponge de bain article merveilleux,2 790 FCFA
Generic Sac de Rangement Bébé unisexe couchette - tricolore,18 014 FCFA
Zena Piment Grain 100g,825 FCFA
Bio Naturelle Grains de Fenouil - 100 Gr,3 000 FCFA
Zena Boisson Bissap 1l,1 750 FCFA
Nespresso Shanghai Lungo - World Explorations - 10 capsules,3 700 FCFA
Generic Éponge de bain très doux,3 390 FCFA
Doli Bouillon Epices - 10 Sachets - Crevettes - 75G,Boutique Officielle
Zena Boisson Tamarin 1l,1 750 FCFA
Generic Sac de Rangement Bébé unisexe couchette meuve,19 900 FCFA
Bio Naturel Pack de 6 Bouteilles en verre de Jus De Gingembre - Neex Gingembre - 250 ml,3 000 FCFA
Nespresso 10 capsules - Scuro - Edition Barista,4 300 FCFA
Nova Desodorisant Nova Fresh Intense 500ml,1 000 FCFA
Ducros Men Poivre Noir Grain 90g,3 525 FCFA
Generic Gants De Ménage et Lave-Vaisselle en Silicone - Multifonctionnel,3 900 FCFA
Green Leaf PANNEAUX COLLANT POUR SOURIS ET RAT,490 FCFA
Bio Naturel Pack de 6 Bouteilles en verre de Jus De Bouye - Neex Bouye - 250 ml,3 000 FCFA
Nespresso Vienna Linizio Lungo - World Explorations - 10 capsules,3 700 FCFA
Generic Lave Vitre Raclette + Bouteille Spray 400ml,5 000 FCFA
Marrakech Jus 100% POMME 1L,1 500 FCFA
Amora Ketchup - 280G,1 600 FCFA
Generic Canapé-lit Gonflable Coulissant 2 Places + Gonfleur,100 000 FCFA
Generic Pate d'arachide Gade gui '' 100% SENEGALAIS - 5KG,7 000 FCFA
Panzani Vermicelles - 500G,1 125 FCFA
Spaghettis Fins - 250G,325 FCFA
Kangoo Bouteille De Sirop Grenadine - 880ML,Boutique Officielle
Zena Piment Grain 370g,1 475 FCFA
Green Leaf 20 sachets Poudre de feuille verte antiparasitaire Lutte contre les cafards,4 000 FCFA
Generic Huile de  (HABATOUSAWDA) - 60ml,2 899 FCFA
Express Huile d'Olive 100% Bio - 60 ml,2 100 FCFA
Generic Rodent Control Mice Poison Pellets. pour souris et rats 25 Paquets 20G,3 490 FCFA
Generic PACK DE 5 SACHETS VERTOX POISONS POUR RATS / SOURIS,5 750 FCFA
Generic Poudre de de kojic acid pour se blanchir rapidement effets secondaires 0%,1 999 FCFA
Joker Jokoline Raisin Abc 1l,2 055 FCFA
Nespresso Cap Town Envivo Lungo - World Explorations - 10 capsules,3 700 FCFA
Adja Barquette De Bouillon Epices - 60 Tablettes Tomates - 10G,Boutique Officielle
Ducros Men Poivre Blanc Grain 100g,4 300 FCFA
"Bio Crème Extra Grossissante  akfine à l'extrait d'akpi, Fenugrec, Aguaje et Kigélia - 143 Gr",3 999 FCFA
Yotox Insecticide Suractivé 520ML,1 750 FCFA
Zena Boisson Baobab 1l,1 750 FCFA
White Label Distributeur de savon Palm Brosse Évier Compartiment Savon Liquide Vaisselle Égouttoir Rack Brosse De Nettoyage,3 900 FCFA
Café Royal 1 Paquet De 10 Capsules Guatémala - Compatible avec Nespresso - Arôme légèrement épicé,Boutique Officielle
Generic Charbon de bois ecologique - 4 kg,1 200 FCFA
WHITE LION POWER Power Boisson Energisante 250ml,5 400 FCFA
"Nutraline OTISPORT Nutrition Sportive, bleu, jaune, boîte 350G",2 200 FCFA
"Nutraline OTIVA Nutrition Healthy, bleu, vert, boîte 350G",2 200 FCFA
"Nutraline QUICKER OATS - Flocons d'avoine, sachet 600G, beige, marron clair",1 250 FCFA
Café Royal 1 Paquet De 16 capsules Caffe Grande -Compatibles avec Dolce Gusto,Boutique Officielle
White Label Distributeur de savon Palm Brosse Évier Compartiment Savon Liquide Vaisselle Égouttoir Rack Brosse De Nettoyage,3 900 FCFA
Ducros Herbes Basilic 11g,1 250 FCFA
Nova Lot de 3 Nova Desodorisant Nova Fresh Oud 500ml,3 275 FCFA
Generic Pelle / Balayette PVC avec Bord - Petit Modèle,2 500 FCFA
Generic Désodorisant concentré goutte à goutte Sufflor - 125 ml,4 000 FCFA
Other Ambientador concentrée Alicia - 125 ml + 25ml Offert,1 900 FCFA
Molfix MOLFIX JUMBO - Couches 3D Midi - Taille 3 (4-9 kg) - 72 Couches,8 999 FCFA
FRESHY Savon Liquide Lave Main FRESHY Pêche 475ML,Boutique Officielle
FRESHY Savon Liquide Lave Main FRESHY SAVON DE MARSEILLE 475ML,Boutique Officielle
Autre Allumeur de charbon de bois,9 990 FCFA
Original Nettoyant Désodorisant Sol - Asevi - 1 Litre,4 000 FCFA
"Vaporisateur 0,5L - Rose",1 900 FCFA
Bonbons Gélifiés Miami Pik - 120G,1 190 FCFA
Generic Couscous Fin 1Kg,1 025 FCFA
Generic Kit de nettoyage d’écran - Ordinateur - Clavier - P,2 690 FCFA
White Label Huile de Coco Pure 100% Naturelle -  400 ml,5 899 FCFA
The Caramel 25 Sachets,1 775 FCFA
Couches Nouveau-né T1 (2-5 kg) - 42 pièces - Violet,6 600 FCFA
Sanpellegrino Bouteille 750 Ml - Sanpellegrino,1 525 FCFA
Zena Pate D'arachide 370G,1 125 FCFA
"Generic Boîte de coton-tige, cure-dents, coton de maquillages en acrylique",7 000 FCFA
Generic POUDRE INSECTICIDE POWER PACK DE 24 X 30GR,4 800 FCFA
Adja Bol De Bouillon D'épices -Tomates - 1Kg,Boutique Officielle
Flash Nettoyant Germicide Antibacteriel Wc - 1L,1 400 FCFA
Arix Lot De 5 Eponges Carrées - Vert,700 FCFA
Hemani Huile de Coco Pure - 100% Naturelle - 400 ml,5 000 FCFA
Generic Allumeur de charbon de bois électrique,14 900 FCFA
Acasen Senegal Amandes Cajou Au Beurre Salées - 300g (50g x 6) - ACASEN,Boutique Officielle
Generic 4 potts cure dents ( Bois dur ) 400 pcs,1 900 FCFA
Generic Brosse de nettoyage toilette multifonction,2 500 FCFA
Hemani Huile de Coco Pure 100% Naturelle - 400ML,4 300 FCFA
"Generic Plateau en plastique rectangulaire PM ,  décoratifs pour aliments ou pour petit déjeuner CA820534 38x24cm",2 500 FCFA
Generic Ambientador Amalfi Goute a Goute fraicheur : Rosas - 125 ml,4 400 FCFA
Ducros Epices Piment Doux Moulu 40g,1 525 FCFA
Green Leaf 12 sachets Poudre de feuille verte antiparasitaire Lutte contre les cafards,1 690 FCFA
Generic PACK DE 25 POISONS POUR RATS / SOURIS,3 750 FCFA
Generic HUILE ESSENTIELLE POUR SEINS-30ml,4 000 FCFA
Generic Brûleur d'encens à refoulement Creative / plus 40 cone,6 500 FCFA
Ducros Ketchup Top Down 560g,1 700 FCFA
Set Complet Seau + Essoreuse + Fra,3 300 FCFA
"Nutraline OTIVA Nutrition Healthy, bleu, vert, boîte 350G",2 200 FCFA
"Nutraline OTIVA Nutrition Healthy, bleu, vert, boîte 350G",2 200 FCFA
Café Royal 1 Paquet De 16 Capsules Decaffeinato compatible avec Dolce Gusto,Boutique Officielle
"Nutraline OTIKIDS Nutrition Jeunesse, rouge, jaune, crocodile",1 850 FCFA
Café Royal 1 Paquet de 10 capsules Espresso Forte compatibles avec Nespresso - Arôme fruité,Boutique Officielle
"Nutraline QUICKER OATS - Flocons d'avoine, sachet 600G, beige, marron clair",1 250 FCFA
Café Royal 1 Paquet De 16 capsules Caffe Grande -Compatibles avec Dolce Gusto,Boutique Officielle
"Nutraline OTISPORT Nutrition Sportive, bleu, jaune, boîte 350G",2 200 FCFA
"Nutraline OTIVA Nutrition Healthy, bleu, vert, boîte 350G",2 200 FCFA
Generic Pelle / Balayette PVC avec Bord - Petit Modèle - Vert -  CA820611,Boutique Officielle
Nespresso Ethiopia - Master Origin - 10 capsules,3 700 FCFA
Nettoyant Lave Vaisselle 2En1 Détartre & Dégraisse - 250ML,900 FCFA
Macédoines De Légumes - 5 Légumes - 400g,715 FCFA
"Generic Paquet De Thé Vert ""El Hadji"" - 200G",Boutique Officielle
Wash Nicely CARTON 8 UNITÉS LESSIVE CAPSULE DOUBLE ACTION X 26,36 000 FCFA
Generic Café instantané '' EQUILIBRE '' aux noyaux dattes - 100 Grs,1 000 FCFA
Generic Lot de 5 Éponges à Vaisselle - Multicolore,5 000 FCFA
Nova Desodorisant Nova Fresh Fraise  500ml,1 000 FCFA
Canbebe Couches pour bébé 4e âge - Paquet de 32 - Canbebe,4 125 FCFA
Generic Ambiantador Frutos Rojos - 500ml,4 900 FCFA
Arôme zone Nicer Dicer - Découpe Légumes et Fruits - Vert,9 000 FCFA
Generic Encensoir Electrique - Sphère,4 900 FCFA
Generic Paquet - 20 Sachets Poubelle - 100 Litres - Noir,4 000 FCFA
Generic Ambientador Amalfi - Gouttes à gouttes - Fraicheur Pin - 125 ml,1 900 FCFA
Café Royal 1 Boîte De Bûchettes De Sucre Café Royal  - 1000 Pièces - 4G,Boutique Officielle
Generic Planche à Découper en Bois - - Bambou + 1 Rouleau de Pâtissier,3 500 FCFA
Generic Allume Gaz - Tige Fixe - Rechargeable,1 500 FCFA
White Label allume gaz sans recharge,2 400 FCFA
Original Encensoir Electrique Avec Naseem Thiouraye Bakhour,13 000 FCFA
Flora Mouchoirs Compact 30 x 10,15 000 FCFA
Generic Gants De Ménage et Lave-Vaisselle en Silicone - Multifonctionnel,3 200 FCFA
Autre Diffuseur d'Huiles Essentielles - Aromathérapie - Humidificateur,20 000 FCFA
Original Encensoir Electrique Avec Naseem Thiouraye Bakhour Sadaat et Amani by Naseem.,18 000 FCFA
Valda Pastilles Valda Saveur Tamarin -,2 290 FCFA
Acasen Senegal Amandes Cajou Sans Sel - 300g (50g x 6) - ACASEN,4 770 FCFA
Sensations Cacao 100% Poudre de cacao foncée 250g,1 650 FCFA
Softcare Paquet de Couches - 28 Pièces - 3ème Age,3 500 FCFA
Valda Pastilles Valda Saveur Fraise - 60g,2 290 FCFA
Generic 6 Packs De 2 Éponges de Nettoyage - Vert/Jaune,2 490 FCFA
OCEAN PRIDE Miettes De Crabes 1/4,2 025 FCFA
Green Leaf PACK 8 PANNEAUX COLLANT POUR SOURIS ET RAT,2 900 FCFA
Generic Brûleur d'encens à refoulement Creative / Ornement de refoulement en céramique Brillance noire en céramique,11 800 FCFA
Molfix - Couches 3D Maxi taille 4 (7-18 kg) 32 couches,5 000 FCFA
Generic Anis Etoilée - 100 gr,3 000 FCFA
Generic Charbon de bois ecologique - 4 kg,1 200 FCFA
Generic 5pcs accessoires bain pour bébé babyset,56 000 FCFA
FRESHY Savon Liquide Lave Main FRESHY Menthe 475ML,Boutique Officielle
Countre Lait UHT Vanille - 50CL,1 025 FCFA
Esteval Jus naturel de bouye - 1 litre - Esteval,1 250 FCFA
Café Royal 1 Paquet de 10 Capsules Agent's Choice compatible avec Nespresso- Arôme fruité,Boutique Officielle
WHITE LION POWER Power Boisson Energisante 250ml,5 400 FCFA
"Nutraline OTIVA Nutrition Healthy, bleu, vert, boîte 350G",2 200 FCFA
Café Royal 1 Paquet de 10 capsules Espresso Forte compatibles avec Nespresso - Arôme fruité,Boutique Officielle
"Nutraline OTISPORT Nutrition Sportive, bleu, jaune, boîte 350G",2 200 FCFA
Café Royal 1 Paquet De 16 Capsules Decaffeinato compatible avec Dolce Gusto,Boutique Officielle
"Nutraline QUICKER OATS - Flocons d'avoine, sachet 600G, beige, marron clair",1 250 FCFA
Esteval Jus naturel de bouye - 1 litre - Esteval,1 250 FCFA
Joker Nectar Multivitaminé 2l,2 745 FCFA
Esteval Jus de gingembre - 1 litre - Esteval,1 250 FCFA
Bravo Jus d'Orange - 1L,1 550 FCFA
WHITE LION POWER Power Boisson Energisante 250ml,5 400 FCFA
Nespresso 10 Capsules - Arpeggio - Inspirazione Italiana,3 300 FCFA
Zena Boisson Mangue 1l,1 750 FCFA
Joker Bouillon Epices - 10 Sachets - Super - 75G,Boutique Officielle
"Esteval Cocktail de fruit (bouye, bissap, coco) - 1 litre - Esteval",1 500 FCFA
Café Royal 1 Boîte De Café Royal Coffee Mild/Doux - Arôme Double Lungo - 100G,Boutique Officielle
Destello Gel Nettoyant Salle de Bain - Fraîcheur Citron - 750 mL,2 600 FCFA
MOURAFA Thiéré Sans Lalo – 400G,575 FCFA
"Smiley Couches Bébé Taille 3 (5 - 10Kg), Pack Eco, 88 Couches",Boutique Officielle
Generic Pelle / Balayette PVC avec Bord - Petit Modèle - Rouge,1 100 FCFA
Generic Cuvette WC Désodorisant Gel Océan 36 ml,2 000 FCFA
Generic Laveur automatique de brosse de nettoyage de cuisine en plastique,2 990 FCFA
Softcare Paquet de Couches - 32 Pièces - 2ieme Age,4 900 FCFA
H2 Store PACK Différentes Cartes Parfumées en Silicone X 96,159 400 FCFA
Generic Brosse + Pelle à Poussière - Plastique - Vert,1 150 FCFA
Zena Boisson Bouye 20cl,525 FCFA
Joker Bouillon Epices - 10 Sachets - Tomates - 75G,Boutique Officielle
Bravo Bravo Pomme 2l - Bravo,2 610 FCFA
Acasen Senegal Amandes Cajou Nature Salées - 300g (50g x 6) - ACASEN,Boutique Officielle
Generic Éponge 2 in 1 pièces de bain très doux B,2 500 FCFA
Generic Carton de 10 Sachets Café Touba Moulu - 100% Locale,20 000 FCFA
Valda Pastilles Valda Saveur Gingembre -,2 290 FCFA
Doli Barquette De Bouillon Epices - 60 Tablettes Tomates - 10G,Boutique Officielle
Generic Eponge à Récurer en Acier Inoxydable - Tampon Métallique - 12 Pcs,2 500 FCFA
Generic Désodorisant Concentré pour WC - 125 ml,3 900 FCFA
Doli Bouillon Epices - 10 Sachets - Poulet - 75G,Boutique Officielle
"Generic Get Tol - Lot de 3 Spray désinfectant Multi-usage - Poignet de porte, de voiture, rampe d'escalier, téléphone - Marron",5 600 FCFA
Generic Ambientador Amalfi - Gouttes à gouttes - Floral - 125 ml,4 400 FCFA
Nespresso 10 Capsules - Napoli - Inspirazione Italiana,3 500 FCFA
"Generic Ensemble de Nettoyage d’Ecran ordinateur, téléphone, lunette et appareils ménagers",3 500 FCFA
Generic Senteur Concentré pour WC  FORESAN - 125 ml,2 590 FCFA
Generic Sac de Rangement Bébé unisexe et couchette - bleu,17 000 FCFA
Generic Désodorisant TOILLETTE Concentré Foresan Deluxe - 100 ml,3 000 FCFA
Barilla Maccheroni 500g - Barilla,1 115 FCFA
Bio Crème Extra Grossissante Fenugrec,3 900 FCFA
Generic Cafe Touba Gade Gui 10KG,30 680 FCFA
Generic Balai Magique et Seau essoreuse 360°,12 000 FCFA
"Nutraline OTIVA Nutrition Healthy, bleu, vert, boîte 350G",2 200 FCFA
WHITE LION POWER Power Boisson Energisante 250ml,5 400 FCFA
Café Royal 1 Paquet De 16 capsules Caffe Grande -Compatibles avec Dolce Gusto,Boutique Officielle
"Nutraline OTISPORT Nutrition Sportive, bleu, jaune, boîte 350G",2 200 FCFA
Generic Charbon de bois ecologique - 4 kg,1 200 FCFA
Café Royal 1 Paquet De 16 Capsules Decaffeinato compatible avec Dolce Gusto,Boutique Officielle
"Nutraline QUICKER OATS - Flocons d'avoine, sachet 600G, beige, marron clair",1 250 FCFA
Generic Balai Magique et Seau essoreuse 360°,12 000 FCFA
Generic Carton de 10 Sachets Café Touba Moulu - 100% Locale,40 000 FCFA
Express Huile d'Olive 100% Bio - 60 ml,1 800 FCFA
Zwan Luncheon Boeuf 200g,1 475 FCFA
Don Simon Jus Pomme - 20CL,275 FCFA
Generic Charbon Pour Chicha et Encens,9 000 FCFA
Moutarde En Verre 850g,1 690 FCFA
Couches Baby - Taille 4 (8-18 kg) - 27 pièces - Violet,6 600 FCFA
Ducros Herbes Thym 14g,1 550 FCFA
Ducros Herbes Laurier 24g,1 350 FCFA
Zwan Luncheon Poulet 200g,1 475 FCFA
Green Leaf PACK 6 PANNEAUX COLLANT POUR SOURIS ET RAT,2 450 FCFA
Generic Désodorisant à spray Belair,1 475 FCFA
Express Huile d'Olive 100% Bio - 60 ml,2 010 FCFA
FRESHY Savon Liquide Lave Main FRESHY Miel 475ML,890 FCFA
"Generic Désodorisant , Diffuseur de parfum - Citron",2 900 FCFA
Saba Lessive en Poudre  - 425g,650 FCFA
Baygon Insecticide Vaporisateur - 300ml,1 800 FCFA
Generic Lot de 480 soie dentaires( protection hygiène des dents),3 990 FCFA
Generic Nettoyant de tenue de travail - 500 ml - Climax,1 000 FCFA
Fruitales - PUREE DE FEUILLES DE BISSAP 190g,1 250 FCFA
Generic Gants De Ménage et Lave-Vaisselle en Silicone - Multifonctionnel - Vert,4 000 FCFA
Generic Charbon Pour Encens et  Chicha,4 000 FCFA
"Airwick Difuseur Automatique ""Air Baby""",Boutique Officielle
Generic Presse-Citron - Inox moyen,1 900 FCFA
Generic Nettoyant Désodorisant Sol - Asevi - 1 Litre,3 900 FCFA
White Label Balai Magique et Seau Essoreur - Vert,9 000 FCFA
Original Encensoir Electrique Avec Naseem Thiouraye Bakhour Sadaat et Amani by Naseem.,13 500 FCFA
Generic Désodorisant concentré goutte à goutte Sufflor - 125 ml,1 275 FCFA
Generic Film Alimentaire - multifonction 200pièces,4 900 FCFA
Generic Get Tol - Lot de 3 Spray désinfectant Multi-usage -750 ml,14 800 FCFA
Generic Tapis De Prière de Poche Avec Boussole Noir,3 500 FCFA
Generic Ambientador Amalfi - Gouttes à gouttes - Fraicheur Pino - 125 ml,4 400 FCFA
Generic Rodenticide10 Paquets 20G poison de rat de rodenticide de racumine,3 900 FCFA
Generic Diffuseur d'Huiles Essentielles - Aromathérapie - Humidificateur,12 000 FCFA
"Generic Kit de nettoyage tv ,ordinateur, téléphone",3 500 FCFA
Couches Junior Extra T6 (+16 kg) - 18 pièces - Violet,6 600 FCFA
Tijinou Pack 32 couches 6/11 kg,Boutique Officielle
Generic PACK DE 25 POISONS POUR RATS / SOURIS,4 750 FCFA
Generic Brosse à Laver - Monture Bois - Violon Polypropylène - Bleu,850 FCFA
Generic 10  sachets Poudre de feuille verte antiparasitaire Lutte contre les cafards,5 000 FCFA
Café Royal 1 Paquet De 16 Capsules Decaffeinato compatible avec Dolce Gusto,Boutique Officielle
"Nutraline OTISPORT Nutrition Sportive, bleu, jaune, boîte 350G",2 200 FCFA
Café Royal 1 Paquet de 10 capsules Espresso Forte compatibles avec Nespresso - Arôme fruité,Boutique Officielle
WHITE LION POWER Power Boisson Energisante 250ml,5 400 FCFA
Generic Charbon de bois ecologique - 4 kg,1 200 FCFA
"Nutraline QUICKER OATS - Flocons d'avoine, sachet 600G, beige, marron clair",1 250 FCFA
Café Royal 16 Capsules - Caramel - Compatible Avec Dolce Gusto,3 000 FCFA
Generic 10  sachets Poudre de feuille verte antiparasitaire Lutte contre les cafards,5 000 FCFA
Esteval Jus naturel de bissap - 1 litre - Esteval,1 250 FCFA
Generic 4 X Paquets De Camphre - Protecteur élimination des odeurs - Résistant aux insectes,3 300 FCFA
Couches Bébé - Prématurés - Taille 0 - ( -2 kg) - Violet,6 600 FCFA
Generic POUDRE INSECTICIDE POWER PACK DE 24 X 30GR,6 400 FCFA
Sanpellegrino Bouteille 250 Ml - Sanpellegrino,800 FCFA
Generic Kit Seau + Essoreur + Serpillière,7 000 FCFA
Generic 5 pcs Éponge  gomme magique de nettoyage Scrub éponge enlever les taches tenaces et Mark Aspirateur pour produit chimique,2 900 FCFA
Gizmo Pack Maxi 36 Couches Pour Bébé 9-18 kg,3 920 FCFA
Generic Planche à Découper en bois - Bambou,3 100 FCFA
Generic POUDRE ANTi - CAFARD / INSECTE ...PACK DE 50 SACHETS DE 20GR,14 500 FCFA
Generic PACK 25 sachets Poudre INSECTICIDE  de feuille verte,2 100 FCFA
Universal Magic Microfiber Noodle Dust Mop Telescoping Pole Floor Easy Clean Rotating Head,Expédié depuis l'étranger
Generic Pelle et Balayette - Plastique - Bleu,2 000 FCFA
Generic Bruleur d'encens électrique - Argenté,3 900 FCFA
POWER HITS Boisson Energisante 250ml,6 400 FCFA
Generic Allumeur de charbon de bois électrique,16 710 FCFA
Generic Poudre Souye Balai - 25G,3 900 FCFA
Tabasco Tabasco Rouge 60ml,3 250 FCFA
Generic Mini Brûleur d'encens à Charbon en céramique  -gris,8 200 FCFA
Generic Packs de 8 Craie Outil tueur Insectes Rampant et cafards,1 920 FCFA
Generic Sac de Rangement Bébé - gris,14 900 FCFA
Generic Film Alimentaire - 20m - 100 pièces,1 950 FCFA
Couches Bébé - Taille 2 (3-6 kg) - 38 pièces - Violet,6 600 FCFA
Generic Tapis De Prière de Poche Avec Boussole Noir,3 500 FCFA
Generic Beignet précuits AKARA - Marron,5 000 FCFA
Zwan Luncheon Boeuf 340g,2 150 FCFA
Generic Encensoir Electrique - Sphère,4 900 FCFA
Bio Naturelle Mélange de 7 Épices - 75 gr,1 750 FCFA
Bassy Préparation beignets de mil - GNONMI - 3 sachets de 430g - Bassy,2 000 FCFA
Couches T3 (5-9 kg) -72 pièces BIGPACK - Violet,13 800 FCFA
Generic Éponge 2 in 1 de bain très doux OG,2 500 FCFA
"Esteval Cocktail de fruit (bouye, bissap, coco) - 25 cl - Esteval",450 FCFA
Generic Lot de Kit de Nettoyage d'Ecran TV LCD 3 en 1 - Pour Ordinateur de Bureau - Portable - Caméra Numérique - Clavier,2 870 FCFA
Generic 6 Packs Craie Outil tueur Insectes Rampant et cafards,1 490 FCFA
Esteval Jus naturel de tamarin - 25 cl - Esteval,350 FCFA
Lu Biscuits Prince Fourrés Vanille - 60G,350 FCFA
Generic Cuisine paume plat brosse avec la vaisselle jusqu'à savon distributeur,3 000 FCFA
Generic Film Alimentaire - 20m - 100 pièces,1 790 FCFA
Couches Junior Extra T6 (+16 kg) - 54 pièces - Violet,13 800 FCFA
WHITE LION POWER Power Boisson Energisante 250ml,5 400 FCFA
Café Royal 1 Boîte De Café Royal Coffee Mild/Doux - Arôme Double Lungo - 100G,Boutique Officielle
"Nutraline OTIVA Nutrition Healthy, bleu, vert, boîte 350G",2 200 FCFA
Café Royal 1 Paquet De 16 Capsules Decaffeinato compatible avec Dolce Gusto,Boutique Officielle
"Nutraline OTISPORT Nutrition Sportive, bleu, jaune, boîte 350G",2 200 FCFA
Generic Charbon de bois ecologique - 4 kg,1 200 FCFA
"Nutraline QUICKER OATS - Flocons d'avoine, sachet 600G, beige, marron clair",1 250 FCFA
Café Royal 1 Boîte De Café Royal Coffee Aggloméré - Arôme Corsé - 200G,Boutique Officielle
Bassy Préparation beignets sucrés - GBOFLOTO - 3 sachets de 325g - Bassy,2 000 FCFA
Perrier Bouteille 33cl,825 FCFA
Nova Lot de 3 Nova Desodorisant Nova Fresh Fraise  500ml,3 100 FCFA
Generic Brûleur à Encens Electrique - Bronze,5 900 FCFA
Green Leaf 12 sachets Poudre de feuille verte antiparasitaire Lutte contre les cafards,2 900 FCFA
Couches Nouveau-né - T1 (2-5 kg) - 6 x 42 pièces - Bleu,38 000 FCFA
Green Leaf 6 sachets Poudre de feuille verte antiparasitaire Lutte contre les cafards,2 000 FCFA
Generic Pelle / Balayette PVC avec Bord - Petit Modèle,1 200 FCFA
Bio Naturelle Thym Sec - 100 gr,2 590 FCFA
Lesieur Huile Végétale - 3L,5 225 FCFA
Generic POUDRE INSECTICIDE CANYE MULTIFONCTIONS 100g,1 400 FCFA
Generic Balai Magique et Seau essoreuse 360°,9 000 FCFA
Nova Desodorisant Nova Fresh  fraicheur  500ml,1 200 FCFA
"Nutraline OTIKIDS Nutrition Jeunesse, rouge, jaune, crocodile",1 850 FCFA
Couches Bébé - Taille 3 (5-9 kg) - 32 pièces - Violet,6 600 FCFA
Generic Lot de 12 Éponges de Nettoyage - Vert/Jaune,2 590 FCFA
Generic 12 sachets vitfé Poudre insecticide de feuille verte,1 680 FCFA
Generic Ambientador Amalfi - Gouttes à gouttes - Floral - 125 ml,2 000 FCFA
Style Essuie Tout Jumbo 500 feuilles,2 150 FCFA
Generic Kit de Nettoyage d'Ecran TV LCD 3 en 1 - Universelle,2 090 FCFA
Generic Lot de 6 Éponges à Récurer - Acier Inoxydable - Tampon Métallique,2 000 FCFA
Generic 2 piecesTrapcoll Piège à colle pour rongeurs et rats 135grs,3 900 FCFA
Esteval Jus naturel de tamarin - 1 litre - Esteval,1 250 FCFA
Hemani Huile pour peau de Coco concentré et  Pure - 100% Naturelle - 400 ml,2 500 FCFA
Osanis Nettoyant Anti Traces Vitres Et Ecrans - 500ML,3 000 FCFA
Ultra Compact Nettoyant vitres : 500 ml,2 100 FCFA
Green Leaf PACK 4 PANNEAUX COLLANT POUR SOURIS ET RAT,1 900 FCFA
Nespresso Ristretto Decaffeinato - Inspirazione Italiana - 10 capsules,4 000 FCFA
Bassy Préparation beignets salés jaunes- JAUNE JAUNE- 2 sachets de 250g - Bassy,2 000 FCFA
Haricots Blancs - 400G,690 FCFA
Bassy Préparation beignets sucrés plats - TRATRA- 3 sachets de 325g - Bassy,2 000 FCFA
Generic Kafimana - lave vaisselle - 1Litre,2 400 FCFA
Hitachi Distributeur automatique de gel hydroalcoolique et savon liquide,37 000 FCFA
Generic Sac de Rangement Bébé - Rose fusha,9 879 FCFA
Esteval Jus naturel de gingembre - 25 cl - Esteval,350 FCFA
White Label Distributeur automatique de gel hydroalcoolique et savon liquide,29 900 FCFA
Generic Plat en plastique pour hot dog et viande,Boutique Officielle
Generic Lave Vitre Raclette + Bouteille Spray 400ml,1 500 FCFA
Anti-Calcaire En Gel 3 En 1 - 750ML,5 170 FCFA
Soléa Eau Gazeuse - 0.5L,185 FCFA
Generic Nutrasel sel Complet Fonctionnel - 250grs,2 200 FCFA
"Nutraline OTIKIDS Nutrition Jeunesse, rouge, jaune, crocodile",1 850 FCFA
"Nutraline OTIVA Nutrition Healthy, bleu, vert, boîte 350G",2 200 FCFA
Café Royal 1 Boîte De Café Royal Coffee Aggloméré - Arôme Corsé - 200G,Boutique Officielle
Café Royal 1 Paquet De 16 Capsules Decaffeinato compatible avec Dolce Gusto,Boutique Officielle
"Nutraline QUICKER OATS - Flocons d'avoine, sachet 600G, beige, marron clair",1 250 FCFA
WHITE LION POWER Power Boisson Energisante 250ml,5 400 FCFA
"Nutraline OTISPORT Nutrition Sportive, bleu, jaune, boîte 350G",2 200 FCFA
Generic Nutrasel sel Complet Fonctionnel - 250grs,2 200 FCFA
Generic POUDRE INSECTICIDE MULTIFONCTIONS,2 800 FCFA
"Bio Crème Extra Grossissante  à l'extrait d'Akpi, - 200 Gr",4 299 FCFA
Osanis Nettoyant Dégraissant Concentré Multiusages - 1 Litre,4 875 FCFA
Generic Poêle Professionnelle ETNA  Sans PFOA - 24cm 042284,9 990 FCFA
Nova Desodorisant Nova Fresh Oriental bakhour  500ml,1 000 FCFA
Generic Kit de Nettoyage d'Ecran TV LCD 3 en 1 - Pour Ordinateur de Bureau - Portable - Caméra Numérique - Clavier,2 190 FCFA
"Generic Get Tol - Lot de 3 Spray désinfectant Multi-usage - Poignet de porte, de voiture, rampe d'escalier, téléphone - 750 ml",15 000 FCFA
"Smiley Couches Bébé, Taille 5 (15-25 Kg), 68 Couches",6 990 FCFA
"Generic Eplucheur de pomme ""Apple Peeler"" - Vert Blanc",7 000 FCFA
Bio Naturelle Poivre Blanc - 100 Gr,5 000 FCFA
Generic Kafimana - EAU DE JAVEL - 1Litre,2 400 FCFA
Generic lot Brosse à Laver - Monture Bois - Violon Polypropylène -,10 000 FCFA
Esteval Jus naturel de bouye - 25 cl - Esteval,350 FCFA
Esteval Jus naturel de bissap - 25 Cl - Esteval,350 FCFA
Nova Désodorisant Nova Fresh Oriental bakhour - 500 ml,1 000 FCFA
Generic Brûleur d'Encens Moderne avec support en bois - Doré,15 000 FCFA
Generic planche en Bambou - Beige pour découper les légumes et fruits,10 000 FCFA
Generic PACK 4 POUDRE INSECTICIDE  MULTIFONCTIONS 30gX4,1 600 FCFA
Generic 6 Packs De 2 Éponges de Nettoyage - Vert/Jaune,2 500 FCFA
Sivop 2 pieces Trapcoll Piège à colle pour rongeurs et rats 135grs,1 700 FCFA
Generic Distributeur Automatique - de Gel Hydroalcoolique et Savon Liquide,30 000 FCFA
Generic Caisse de 12 bouteilles de Javel - 12 x 1L - Dierry,4 200 FCFA
Nova Lot de 3 Nova Desodorisant Nova Fresh Intense 500ml,3 275 FCFA
Generic Encens Electrique Sphère  - Argent,7 950 FCFA
"Smiley Couches Bébé, Taille 5 (15-25 Kg), 34 Couches",4 100 FCFA
Generic Lave vitre magnétique double face,9 000 FCFA
Generic Distributeur Automatique de Cure-dents en Alliage de zinc,5 000 FCFA
Generic Get Tol - Spray désinfectant Multi-usages -,2 250 FCFA
Generic PACK DE 12 POUDRE D'Insecticide de 30G,3 300 FCFA
Generic Boules de cerf naturelles de camphre 100g,2 400 FCFA
"Generic Couches Bébé Taille 3 (5 - 10Kg), Pack Eco, 88 Couches",9 400 FCFA
Generic Kit de Nettoyage d'Ecran TV LCD 3 en 1 - Pour Ordinateur de Bureau - Portable - Caméra Numérique - Clavier,2 900 FCFA
Generic pack de 12 cartouches de copeaux '' Taf taf '',1 500 FCFA
Generic Kafimana - Desinfectant - 1Litre,2 400 FCFA
Nova Desodorisant Nova Fresh Oud 500ml,1 200 FCFA
Generic Ensemble Pelle + Balai - Plastique - Bleu,2 000 FCFA
Generic Diffuseur de Parfum,10 000 FCFA
Generic PACK 24 POUDRE INSECTICIDE  MULTIFONCTIONS 30gX24,4 800 FCFA
Nova Desodorisant Nova Fresh Fraicheur  500ml,1 000 FCFA
Café Royal 1 Paquet De 16 Capsules Decaffeinato compatible avec Dolce Gusto,Boutique Officielle
Café Royal 1 Paquet De 16 capsules Caffe Grande -Compatibles avec Dolce Gusto,Boutique Officielle
WHITE LION POWER Power Boisson Energisante 250ml,5 400 FCFA
"Nutraline OTIVA Nutrition Healthy, bleu, vert, boîte 350G",2 200 FCFA
"Nutraline OTISPORT Nutrition Sportive, bleu, jaune, boîte 350G",2 200 FCFA
Generic Charbon de bois ecologique - 4 kg,1 200 FCFA
Café Royal 1 Boîte De Café Royal Coffee Aggloméré - Arôme Corsé - 200G,Boutique Officielle
"Nutraline QUICKER OATS - Flocons d'avoine, sachet 600G, beige, marron clair",1 250 FCFA
Generic Dégraissant Spray - Laidy - 750 ml,5 000 FCFA
Generic Brûleur à Encens Electrique  - Doré,6 900 FCFA
Green Leaf PACK 12 PANNEAUX COLLANT POUR SOURIS ET RAT,3 950 FCFA
Generic PACK 4 POUDRE INSECTICIDE SMS  / PUNAISE DE LIT,1 700 FCFA
Saba Paquet Savon SABA multi usage 18pc,9 000 FCFA
Generic Désodorisant à spray Belair,2 500 FCFA
"White Label Couches BELLA Happy T5 (12-25 kg), 21 pièces",6 600 FCFA
Generic Poudre de nigelle (habatousawda) 1kg,8 300 FCFA
Generic 10 pcs Éponges de Nettoyage Multi Usages,3 990 FCFA
Generic Film Alimentaire -,1 900 FCFA
Generic Kit de Nettoyage d’Ecran  - Handboss - 200 ML,4 900 FCFA
Elhikma Huile de Coco Pure Concentré -,3 500 FCFA
Klindo Nettoyeur de vitres,18 000 FCFA
Couches Baby T4+ (9-20 kg) - 25 Pièces,6 600 FCFA
Generic Piège pour tué les souris et rats,750 FCFA
Présséa Fresh Boisson Mangue/Coco - 1L,590 FCFA
Nova Fresh - Parfum de Chambre - Fraicheur Bleue - 500 ml,1 000 FCFA
Linguère Double Concentré De Tomates - 350G,560 FCFA
Generic Miel 100% Naturel 450g,3 000 FCFA
Generic POUDRE INSECTICIDE  / PUNAISE DE LIT,490 FCFA
Generic Balai Superclean Microfibre /Essorage Twist,3 900 FCFA
Generic Pelle à Poussière avec Brosse Rigide - Rose,1 690 FCFA
Generic Ensemble Pelle plus  balai en  pastique - Bleu,2 500 FCFA
Nettoyant Lave Vitre - 1L,1 090 FCFA
Aquaterra Eau Minérale - 0.6L,200 FCFA
Racines Infusions De Gingembre - 25 Sachets,2 750 FCFA
Yotox Pompe Insecticide - 520ML,990 FCFA
Ecoplanet Liquide Vaisselle Menthe & Romarin - 750ML,1 700 FCFA
Mix Mangue Coco - 33Cl,275 FCFA
Infusion Verveine Tilleul Camomille Nuit Tranquille Elephant - 25 Sachets,2 350 FCFA
Sauce Blanche - 350ML,2 200 FCFA
Maestro Cookies Choco 100G,790 FCFA
Calvé Pot De Mayonnaise - 225ML,1 000 FCFA
Lay'S Chips Saveur Fromage Lays - 145G,2 096 FCFA
Lay'S Chips Saveur Nature - 75G,1 190 FCFA
Ducros Vinaigre D'Alcool Blanc - 1L,810 FCFA
Nova Desodorisant Nova Fresh Rose  500ml,1 100 FCFA
Nova Desodorisant Nova Fresh Oud 500ml,1 000 FCFA
Nova Lot de 3 Nova Desodorisant Nova Fresh Fraicheur  500ml,3 250 FCFA
Nova Désodorisant Fresh Fraise - 500 ml,1 000 FCFA
Café Royal 1 Paquet De 16 capsules Caffe Grande -Compatibles avec Dolce Gusto,Boutique Officielle
"Nutraline OTIVA Nutrition Healthy, bleu, vert, boîte 350G",2 200 FCFA
Café Royal 1 Paquet De 10 Capsules Guatémala - Compatible avec Nespresso - Arôme légèrement épicé,Boutique Officielle
"Nutraline OTISPORT Nutrition Sportive, bleu, jaune, boîte 350G",2 200 FCFA
WHITE LION POWER Power Boisson Energisante 250ml,5 400 FCFA
Café Royal 1 Boîte De Café Royal Coffee Mild/Doux - Arôme Double Lungo - 100G,Boutique Officielle
Generic Charbon de bois ecologique - 4 kg,1 200 FCFA
"Nutraline QUICKER OATS - Flocons d'avoine, sachet 600G, beige, marron clair",1 250 FCFA
Nova Lot de 3 Nova Desodorisant Nova Fresh Oud 500ml,3 100 FCFA
Generic HUILE ESSENTIELLE POUR SEINS-30ml,4 000 FCFA
Generic HUILE ESSENTIELLE POUR SEINS-30ml,4 000 FCFA
Generic HUILE ESSENTIELLE POUR SEINS-30ml,4 000 FCFA
Generic Pack de 4 Pots de Cure Dents ( Bois dur ) - 400 pcs,1 900 FCFA
"Firdaws Agrandir les seins, fesses et la hanche 125ml",9 500 FCFA
Generic Gants De Ménage et Lave-Vaisselle en Silicone - Multifonctionnel,2 900 FCFA
Autre Allumeur de charbon de bois,8 000 FCFA
Green Leaf PACK 10 PANNEAUX COLLANT POUR SOURIS ET RAT,3 450 FCFA
Osanis Nettoyant Désinfectant Multisurfaces - 500ML,3 700 FCFA
Sokany gaufrier et machine à sandwich 3 en 1,21 500 FCFA
Bio Huile de chébé du Tchad pour cheveux 30ml,5 000 FCFA
Couches Bébé - T5 (12-25 kg) - 58 pièces BIGPACK - Violet,13 800 FCFA
Bio Crème Extra Grossissante AKPI 143Gr,3 900 FCFA
Autre Désinfecteur D'air Intelligent,12 900 FCFA
Generic Pack de 10 Éponges,4 900 FCFA
Molfix JUMBO - Couches 3D Midi - Taille 3 (4-9 kg) - 72 Couches,11 000 FCFA
"Generic Kit de nettoyage tv ,ordinateur, téléphone",3 900 FCFA
Generic Brosse à Récurer avec Distributeur de Savon,2 900 FCFA
Generic Brûleur d'Encens Electrique - Argenté,7 300 FCFA
Original Encensoir Electrique Avec Naseem Thiouraye Bakhour Sadaat et Amani by Naseem.,10 900 FCFA
Eau Minérale Kirène - 1.5L,190 FCFA
Gloria Stick De Lait Entier Concentré Non Sucré - Format Liquide - 29G,100 FCFA
Don Simon Jus D'Orange - 20Cl,300 FCFA
Lido Oignons Blancs - 72Cl,1 290 FCFA
Generic 10 pcs Éponges de Nettoyage Multi Usages,3 899 FCFA
Autre Gaufrier et Machine à Sandwich 4 en 1,25 000 FCFA
SteriZar Désinfectant et nettoyant pour surface dures,4 000 FCFA - 22 000 FCFA
Parexgroup BROSSE DE TOILETTE AVEC POCHE DE REMPLISSAGE LIQUIDE,1 890 FCFA
Parexgroup BROSSE DE TOILETTE AVEC POCHE DE REMPLISSAGE LIQUIDE,2 190 FCFA
"SteriZar Nettoyant, désinfectant pour sols - Steri49 plus, solution concentré",60 000 FCFA
SteriZar Lingettes désinfectantes multi-surface - sans alcool,12 000 FCFA
Other Allumeur de charbon de bois électrique,9 500 FCFA
Other Lampe Anti moustique Insecte électrique,8 000 FCFA
Madar 1kg,2 500 FCFA
Generic LAMPE TORCHE POCHE 4 MODE,5 900 FCFA
Autre Gaufrier et Machine à Sandwich 3 en 1,20 500 FCFA
Autre Grille-pain Toaster électrique 2 fentes -,15 000 FCFA
Generic Allumeur de charbon de bois électrique,9 000 FCFA
Anita Laurier 50g - Anita,490 FCFA
Café Royal 1 Boîte De Café Royal Coffee Mild/Doux - Arôme Double Lungo - 100G,Boutique Officielle
WHITE LION POWER Power Boisson Energisante 250ml,5 400 FCFA
Café Royal 1 Paquet De 16 Capsules Decaffeinato compatible avec Dolce Gusto,Boutique Officielle
"Nutraline OTIVA Nutrition Healthy, bleu, vert, boîte 350G",2 200 FCFA
"Nutraline QUICKER OATS - Flocons d'avoine, sachet 600G, beige, marron clair",1 250 FCFA
Generic Charbon de bois ecologique - 4 kg,1 200 FCFA
Café Royal 1 Paquet De 16 capsules Caffe Grande -Compatibles avec Dolce Gusto,Boutique Officielle
"Nutraline OTISPORT Nutrition Sportive, bleu, jaune, boîte 350G",2 200 FCFA
Prince Biscuits Au Chocolat,90 FCFA
White Label Lampe Aspirateur Anti  Moustique électrique couleur blanche,8 990 FCFA
Café Royal 1 Paquet De Café Royal Caramel - Arôme Caramel - 10 Capsules,Boutique Officielle
Generic SEAU avec robinet 17l,5 500 FCFA
Generic Rodirat anticoagulants pour souris et rats - 80G,1 290 FCFA
Generic Brosse De Nettoyage Automatique 3 En 1 Ramasse Miette,6 920 FCFA
Generic Planche à Découper en Bois - Bambou + 1 Rouleau de Pâtissier,2 900 FCFA
Generic Brûleur d'Encens Electrique - 40W - Doré,3 381 FCFA
Generic Anti-Moustique anti-insecte lampe led ultra violé,13 900 FCFA
Generic Pack de 10 éponges dures - Multicolore CA820071,Boutique Officielle
Generic Bloc WC Eau - 6 Pièces - Bleu,6 000 FCFA
Generic Lot de 10 Éponges à Vaisselle - Multicolore CA820071,Boutique Officielle
Generic HUILE ESSENTIELLE POUR SEINS-30ml,1 999 FCFA
Generic Pelle à Poussière avec Brosse Rigide - Bleu 2in1,1 690 FCFA
Generic Lingettes Nounou,1 000 FCFA
"Nutraline QUICKER OATS - Flocons d'avoine, sachet 600G, beige, marron clair",1 250 FCFA
Café Royal 1 Boîte De Café Royal Coffee Aggloméré - Arôme Corsé - 200G,Boutique Officielle
Café Royal 16 Capsules - Caramel - Compatible Avec Dolce Gusto,3 000 FCFA
"Nutraline OTISPORT Nutrition Sportive, bleu, jaune, boîte 350G",2 200 FCFA
WHITE LION POWER Power Boisson Energisante 250ml,5 400 FCFA
